Date,Volume,Adj Close,Stock,Exchange
1/2/2020,135480400,74.33351135,AAPL,NYSE
1/3/2020,146322800,73.61083984,AAPL,NYSE
1/6/2020,118387200,74.19739532,AAPL,NYSE
1/7/2020,108872000,73.84844208,AAPL,NYSE
1/8/2020,132079200,75.03638458,AAPL,NYSE
1/9/2020,170108400,76.63021851,AAPL,NYSE
1/10/2020,140644800,76.80345917,AAPL,NYSE
1/13/2020,121532000,78.44432068,AAPL,NYSE
1/14/2020,161954400,77.38506317,AAPL,NYSE
1/15/2020,121923600,77.05342865,AAPL,NYSE
1/16/2020,108829200,78.01863098,AAPL,NYSE
1/17/2020,137816400,78.88237,AAPL,NYSE
1/21/2020,110843200,78.34780121,AAPL,NYSE
1/22/2020,101832400,78.62746429,AAPL,NYSE
1/23/2020,104472000,79.00611877,AAPL,NYSE
1/24/2020,146537600,78.77843475,AAPL,NYSE
1/27/2020,161940000,76.46192932,AAPL,NYSE
1/28/2020,162234000,78.62499237,AAPL,NYSE
1/29/2020,216229200,80.2707901,AAPL,NYSE
1/30/2020,126743200,80.15447235,AAPL,NYSE
1/31/2020,199588400,76.60051727,AAPL,NYSE
2/3/2020,173985600,76.39015961,AAPL,NYSE
2/4/2020,136616400,78.91207886,AAPL,NYSE
2/5/2020,118826800,79.55554962,AAPL,NYSE
2/6/2020,105425600,80.48610687,AAPL,NYSE
2/7/2020,117684000,79.39208984,AAPL,NYSE
2/10/2020,109348800,79.76916504,AAPL,NYSE
2/11/2020,94323200,79.28788757,AAPL,NYSE
2/12/2020,113730400,81.17079926,AAPL,NYSE
2/13/2020,94747600,80.59277344,AAPL,NYSE
2/14/2020,80113600,80.61262512,AAPL,NYSE
2/18/2020,152531200,79.13656616,AAPL,NYSE
2/19/2020,93984000,80.28268433,AAPL,NYSE
2/20/2020,100566000,79.4590683,AAPL,NYSE
2/21/2020,129554000,77.6605072,AAPL,NYSE
2/24/2020,222195200,73.97160339,AAPL,NYSE
2/25/2020,230673600,71.46601868,AAPL,NYSE
2/26/2020,198054800,72.59973907,AAPL,NYSE
2/27/2020,320605600,67.85401917,AAPL,NYSE
2/28/2020,426884800,67.81433105,AAPL,NYSE
3/2/2020,341397200,74.12789154,AAPL,NYSE
3/3/2020,319475600,71.77363586,AAPL,NYSE
3/4/2020,219178400,75.10282898,AAPL,NYSE
3/5/2020,187572800,72.66672516,AAPL,NYSE
3/6/2020,226176800,71.70170593,AAPL,NYSE
3/9/2020,286744800,66.03065491,AAPL,NYSE
3/10/2020,285290000,70.78630066,AAPL,NYSE
3/11/2020,255598800,68.32785797,AAPL,NYSE
3/12/2020,418474000,61.58015823,AAPL,NYSE
3/13/2020,370732000,68.95796967,AAPL,NYSE
3/16/2020,322423600,60.08673096,AAPL,NYSE
3/17/2020,324056000,62.72875214,AAPL,NYSE
3/18/2020,300233600,61.1931572,AAPL,NYSE
3/19/2020,271857200,60.72429276,AAPL,NYSE
3/20/2020,401693200,56.86917877,AAPL,NYSE
3/23/2020,336752800,55.66104126,AAPL,NYSE
3/24/2020,287531200,61.24525833,AAPL,NYSE
3/25/2020,303602000,60.90787125,AAPL,NYSE
3/26/2020,252087200,64.11302948,AAPL,NYSE
3/27/2020,204216800,61.45860291,AAPL,NYSE
3/30/2020,167976400,63.21250153,AAPL,NYSE
3/31/2020,197002000,63.08350372,AAPL,NYSE
4/1/2020,176218400,59.76424026,AAPL,NYSE
4/2/2020,165934000,60.76150131,AAPL,NYSE
4/3/2020,129880000,59.88827515,AAPL,NYSE
4/6/2020,201820400,65.11277008,AAPL,NYSE
4/7/2020,202887200,64.35862732,AAPL,NYSE
4/8/2020,168895200,66.00585175,AAPL,NYSE
4/9/2020,162116400,66.48215485,AAPL,NYSE
4/13/2020,131022800,67.78704071,AAPL,NYSE
4/14/2020,194994800,71.210495,AAPL,NYSE
4/15/2020,131154400,70.56053925,AAPL,NYSE
4/16/2020,157125200,71.12120056,AAPL,NYSE
4/17/2020,215250000,70.15617371,AAPL,NYSE
4/20/2020,130015200,68.69997406,AAPL,NYSE
4/21/2020,180991600,66.57642365,AAPL,NYSE
4/22/2020,117057200,68.49406433,AAPL,NYSE
4/23/2020,124814400,68.22862244,AAPL,NYSE
4/24/2020,126508800,70.198349,AAPL,NYSE
4/27/2020,117087600,70.24797058,AAPL,NYSE
4/28/2020,112004800,69.10929871,AAPL,NYSE
4/29/2020,137280800,71.37919617,AAPL,NYSE
4/30/2020,183064000,72.88502502,AAPL,NYSE
5/1/2020,240616800,71.71163177,AAPL,NYSE
5/4/2020,133568000,72.72626495,AAPL,NYSE
5/5/2020,147751200,73.81780243,AAPL,NYSE
5/6/2020,142333600,74.57939148,AAPL,NYSE
5/7/2020,115215200,75.350914,AAPL,NYSE
5/8/2020,134048000,77.14439392,AAPL,NYSE
5/11/2020,145946400,78.358284,AAPL,NYSE
5/12/2020,162301200,77.46279144,AAPL,NYSE
5/13/2020,200622400,76.52749634,AAPL,NYSE
5/14/2020,158929200,76.99763489,AAPL,NYSE
5/15/2020,166348400,76.5424118,AAPL,NYSE
5/18/2020,135372400,78.34584808,AAPL,NYSE
5/19/2020,101729600,77.89312744,AAPL,NYSE
5/20/2020,111504800,79.40800476,AAPL,NYSE
5/21/2020,102688800,78.815979,AAPL,NYSE
5/22/2020,81803200,79.32343292,AAPL,NYSE
5/26/2020,125522000,78.78613281,AAPL,NYSE
5/27/2020,112945200,79.12940216,AAPL,NYSE
5/28/2020,133560800,79.16423035,AAPL,NYSE
5/29/2020,153598000,79.08712006,AAPL,NYSE
6/1/2020,80791200,80.0597229,AAPL,NYSE
6/2/2020,87642800,80.43035126,AAPL,NYSE
6/3/2020,104491200,80.8731308,AAPL,NYSE
6/4/2020,87560400,80.17663574,AAPL,NYSE
6/5/2020,137250400,82.46015167,AAPL,NYSE
6/8/2020,95654400,82.94768524,AAPL,NYSE
6/9/2020,147712400,85.56700897,AAPL,NYSE
6/10/2020,166651600,87.76844025,AAPL,NYSE
6/11/2020,201662400,83.55464172,AAPL,NYSE
6/12/2020,200146000,84.27600861,AAPL,NYSE
6/15/2020,138808800,85.31826019,AAPL,NYSE
6/16/2020,165428800,87.57939148,AAPL,NYSE
6/17/2020,114406400,87.45750427,AAPL,NYSE
6/18/2020,96820400,87.49233246,AAPL,NYSE
6/19/2020,264476000,86.99234772,AAPL,NYSE
6/22/2020,135445200,89.26839447,AAPL,NYSE
6/23/2020,212155600,91.17380524,AAPL,NYSE
6/24/2020,192623200,89.56440735,AAPL,NYSE
6/25/2020,137522400,90.7534256,AAPL,NYSE
6/26/2020,205256800,87.96495056,AAPL,NYSE
6/29/2020,130646000,89.99225616,AAPL,NYSE
6/30/2020,140223200,90.74346924,AAPL,NYSE
7/1/2020,110737200,90.57183838,AAPL,NYSE
7/2/2020,114041600,90.57183838,AAPL,NYSE
7/6/2020,118655600,92.99465179,AAPL,NYSE
7/7/2020,112424400,92.70609283,AAPL,NYSE
7/8/2020,117092000,94.86523438,AAPL,NYSE
7/9/2020,125642800,95.27319336,AAPL,NYSE
7/10/2020,90257200,95.43984222,AAPL,NYSE
7/13/2020,191649200,94.9995575,AAPL,NYSE
7/14/2020,170989200,96.57165527,AAPL,NYSE
7/15/2020,153198000,97.23580933,AAPL,NYSE
7/16/2020,110577600,96.03932953,AAPL,NYSE
7/17/2020,92186800,95.84529877,AAPL,NYSE
7/20/2020,90318000,97.86514282,AAPL,NYSE
7/21/2020,103646000,96.51444244,AAPL,NYSE
7/22/2020,89001600,96.78556824,AAPL,NYSE
7/23/2020,197004400,92.38023376,AAPL,NYSE
7/24/2020,185438800,92.15138245,AAPL,NYSE
7/27/2020,121214000,94.33539581,AAPL,NYSE
7/28/2020,103625600,92.78570557,AAPL,NYSE
7/29/2020,90329200,94.56424713,AAPL,NYSE
7/30/2020,158130000,95.70849609,AAPL,NYSE
7/31/2020,374336800,105.7280884,AAPL,NYSE
8/3/2020,308151200,108.3921814,AAPL,NYSE
8/4/2020,173071600,109.1160431,AAPL,NYSE
8/5/2020,121992000,109.5115509,AAPL,NYSE
8/6/2020,202428800,113.3323288,AAPL,NYSE
8/7/2020,198045600,110.7556381,AAPL,NYSE
8/10/2020,212403600,112.365448,AAPL,NYSE
8/11/2020,187902400,109.0237045,AAPL,NYSE
8/12/2020,165944800,112.6470413,AAPL,NYSE
8/13/2020,210082000,114.6406097,AAPL,NYSE
8/14/2020,165565200,114.5384445,AAPL,NYSE
8/17/2020,119561600,114.2394028,AAPL,NYSE
8/18/2020,105633600,115.1913376,AAPL,NYSE
8/19/2020,145538000,115.3358688,AAPL,NYSE
8/20/2020,126907200,117.8951263,AAPL,NYSE
8/21/2020,338054800,123.9705505,AAPL,NYSE
8/24/2020,345937600,125.45327,AAPL,NYSE
8/25/2020,211495600,124.4240875,AAPL,NYSE
8/26/2020,163022400,126.1161346,AAPL,NYSE
8/27/2020,155552400,124.6084976,AAPL,NYSE
8/28/2020,187630000,124.4066467,AAPL,NYSE
8/31/2020,225702700,128.6255493,AAPL,NYSE
9/1/2020,152470100,133.7490387,AAPL,NYSE
9/2/2020,200119000,130.9779663,AAPL,NYSE
9/3/2020,257599600,120.4917526,AAPL,NYSE
9/4/2020,332607200,120.5715027,AAPL,NYSE
9/8/2020,231366600,112.4576492,AAPL,NYSE
9/9/2020,176940500,116.9431915,AAPL,NYSE
9/10/2020,182274400,113.1254959,AAPL,NYSE
9/11/2020,180860300,111.6402817,AAPL,NYSE
9/14/2020,140150100,114.9894867,AAPL,NYSE
9/15/2020,184642000,115.1689148,AAPL,NYSE
9/16/2020,154679000,111.7698593,AAPL,NYSE
9/17/2020,178011000,109.985611,AAPL,NYSE
9/18/2020,287104900,106.4968491,AAPL,NYSE
9/21/2020,195713800,109.7264481,AAPL,NYSE
9/22/2020,183055400,111.450882,AAPL,NYSE
9/23/2020,150718700,106.7759628,AAPL,NYSE
9/24/2020,167743300,107.8724213,AAPL,NYSE
9/25/2020,149981400,111.9193726,AAPL,NYSE
9/28/2020,137672400,114.5907669,AAPL,NYSE
9/29/2020,99382200,113.7235641,AAPL,NYSE
9/30/2020,142675200,115.4380417,AAPL,NYSE
10/1/2020,116120400,116.4148941,AAPL,NYSE
10/2/2020,144712000,112.6570053,AAPL,NYSE
10/5/2020,106243800,116.125824,AAPL,NYSE
10/6/2020,161498200,112.7965546,AAPL,NYSE
10/7/2020,96849000,114.7103882,AAPL,NYSE
10/8/2020,83477200,114.6007385,AAPL,NYSE
10/9/2020,100506900,116.5943146,AAPL,NYSE
10/12/2020,240226800,124.0004578,AAPL,NYSE
10/13/2020,262330500,120.7110443,AAPL,NYSE
10/14/2020,151062300,120.800766,AAPL,NYSE
10/15/2020,112559200,120.3223038,AAPL,NYSE
10/16/2020,115393800,118.6377258,AAPL,NYSE
10/19/2020,120639300,115.6074982,AAPL,NYSE
10/20/2020,124423700,117.1325912,AAPL,NYSE
10/21/2020,89946000,116.4946442,AAPL,NYSE
10/22/2020,101988000,115.3782349,AAPL,NYSE
10/23/2020,82572600,114.670517,AAPL,NYSE
10/26/2020,111850700,114.6804886,AAPL,NYSE
10/27/2020,92276800,116.2255096,AAPL,NYSE
10/28/2020,143937800,110.8428497,AAPL,NYSE
10/29/2020,146129200,114.9496155,AAPL,NYSE
10/30/2020,190272600,108.5103607,AAPL,NYSE
11/2/2020,122866900,108.4206543,AAPL,NYSE
11/3/2020,107624400,110.085289,AAPL,NYSE
11/4/2020,138235500,114.5808029,AAPL,NYSE
11/5/2020,126387100,118.6476974,AAPL,NYSE
11/6/2020,114457900,118.5129089,AAPL,NYSE
11/9/2020,154515300,116.1464386,AAPL,NYSE
11/10/2020,138023400,115.7969666,AAPL,NYSE
11/11/2020,112295000,119.3117065,AAPL,NYSE
11/12/2020,103162300,119.0321274,AAPL,NYSE
11/13/2020,81581900,119.0820541,AAPL,NYSE
11/16/2020,91183000,120.1205063,AAPL,NYSE
11/17/2020,74271000,119.2118607,AAPL,NYSE
11/18/2020,76322100,117.8538895,AAPL,NYSE
11/19/2020,74113000,118.4629822,AAPL,NYSE
11/20/2020,73604300,117.164917,AAPL,NYSE
11/23/2020,127959300,113.6801224,AAPL,NYSE
11/24/2020,113874200,114.9981537,AAPL,NYSE
11/25/2020,76499200,115.8568726,AAPL,NYSE
11/27/2020,46691300,116.4160309,AAPL,NYSE
11/30/2020,169410200,118.8723679,AAPL,NYSE
12/1/2020,128166800,122.5368958,AAPL,NYSE
12/2/2020,89004200,122.8963547,AAPL,NYSE
12/3/2020,78967600,122.7565689,AAPL,NYSE
12/4/2020,78260400,122.0675964,AAPL,NYSE
12/7/2020,86712000,123.5653534,AAPL,NYSE
12/8/2020,82225500,124.1944122,AAPL,NYSE
12/9/2020,115089200,121.5982895,AAPL,NYSE
12/10/2020,81312200,123.0561142,AAPL,NYSE
12/11/2020,86939800,122.227356,AAPL,NYSE
12/14/2020,79184500,121.5982895,AAPL,NYSE
12/15/2020,157572300,127.6891861,AAPL,NYSE
12/16/2020,98208600,127.6192932,AAPL,NYSE
12/17/2020,94359800,128.5079651,AAPL,NYSE
12/18/2020,192541500,126.4710159,AAPL,NYSE
12/21/2020,121251600,128.0386658,AAPL,NYSE
12/22/2020,168904800,131.6832275,AAPL,NYSE
12/23/2020,88223700,130.7646027,AAPL,NYSE
12/24/2020,54930100,131.7730865,AAPL,NYSE
12/28/2020,124486200,136.4860535,AAPL,NYSE
12/29/2020,121047300,134.6687622,AAPL,NYSE
12/30/2020,96452100,133.5204773,AAPL,NYSE
12/31/2020,99116600,132.4920197,AAPL,NYSE
1/4/2021,143301900,129.2169189,AAPL,NYSE
1/5/2021,97664900,130.8145142,AAPL,NYSE
1/6/2021,155088000,126.4111023,AAPL,NYSE
1/7/2021,109578200,130.7246552,AAPL,NYSE
1/8/2021,105158200,131.8529663,AAPL,NYSE
1/11/2021,100620900,128.7875519,AAPL,NYSE
1/12/2021,91951100,128.6078186,AAPL,NYSE
1/13/2021,88636800,130.6947021,AAPL,NYSE
1/14/2021,90221800,128.7176666,AAPL,NYSE
1/15/2021,111598500,126.9502945,AAPL,NYSE
1/19/2021,90757300,127.639267,AAPL,NYSE
1/20/2021,104319500,131.8329926,AAPL,NYSE
1/21/2021,120529500,136.6657715,AAPL,NYSE
1/22/2021,114459400,138.8625031,AAPL,NYSE
1/25/2021,157611700,142.7067566,AAPL,NYSE
1/26/2021,98390600,142.9463959,AAPL,NYSE
1/27/2021,140843800,141.8480377,AAPL,NYSE
1/28/2021,142621100,136.8854523,AAPL,NYSE
1/29/2021,177180600,131.7631073,AAPL,NYSE
2/1/2021,106239800,133.9398499,AAPL,NYSE
2/2/2021,83305400,134.7885895,AAPL,NYSE
2/3/2021,89880900,133.7401581,AAPL,NYSE
2/4/2021,84183100,137.1849976,AAPL,NYSE
2/5/2021,75524000,136.7599945,AAPL,NYSE
2/8/2021,71297200,136.9100037,AAPL,NYSE
2/9/2021,76774200,136.0099945,AAPL,NYSE
2/10/2021,73046600,135.3899994,AAPL,NYSE
2/11/2021,64154400,135.1300049,AAPL,NYSE
2/12/2021,60029300,135.3699951,AAPL,NYSE
2/16/2021,80576300,133.1900024,AAPL,NYSE
2/17/2021,97918500,130.8399963,AAPL,NYSE
2/18/2021,96856700,129.7100067,AAPL,NYSE
2/19/2021,87668800,129.8699951,AAPL,NYSE
2/22/2021,103916400,126,AAPL,NYSE
2/23/2021,158273000,125.8600006,AAPL,NYSE
2/24/2021,111039900,125.3499985,AAPL,NYSE
2/25/2021,148199500,120.9899979,AAPL,NYSE
2/26/2021,164320000,121.2600021,AAPL,NYSE
3/1/2021,115998300,127.7900009,AAPL,NYSE
3/2/2021,102015300,125.1200027,AAPL,NYSE
3/3/2021,112430400,122.0599976,AAPL,NYSE
3/4/2021,177275300,120.1299973,AAPL,NYSE
3/5/2021,153590400,121.4199982,AAPL,NYSE
3/8/2021,153918600,116.3600006,AAPL,NYSE
3/9/2021,129159600,121.0899963,AAPL,NYSE
3/10/2021,111760400,119.9800034,AAPL,NYSE
3/11/2021,102753600,121.9599991,AAPL,NYSE
3/12/2021,87963400,121.0299988,AAPL,NYSE
3/15/2021,92403800,123.9899979,AAPL,NYSE
3/16/2021,114740000,125.5699997,AAPL,NYSE
3/17/2021,111437500,124.7600021,AAPL,NYSE
3/18/2021,121229700,120.5299988,AAPL,NYSE
3/19/2021,185023200,119.9899979,AAPL,NYSE
3/22/2021,111912300,123.3899994,AAPL,NYSE
3/23/2021,95467100,122.5400009,AAPL,NYSE
3/24/2021,88322700,120.0899963,AAPL,NYSE
3/25/2021,43816830,119.8600998,AAPL,NYSE
1/2/2020,3148600,126.9752045,IBM,NYSE
1/3/2020,2373700,125.9625397,IBM,NYSE
1/6/2020,2425500,125.7375259,IBM,NYSE
1/7/2020,3090800,125.821907,IBM,NYSE
1/8/2020,4346000,126.8720551,IBM,NYSE
1/9/2020,3730600,128.2128906,IBM,NYSE
1/10/2020,3255400,128.1660004,IBM,NYSE
1/13/2020,3531000,128.0816345,IBM,NYSE
1/14/2020,3681000,127.3502579,IBM,NYSE
1/15/2020,4045900,128.1003571,IBM,NYSE
1/16/2020,4320900,129.3755646,IBM,NYSE
1/17/2020,5623300,129.6849823,IBM,NYSE
1/21/2020,7244100,130.4913635,IBM,NYSE
1/22/2020,16470400,134.9170074,IBM,NYSE
1/23/2020,5657800,133.9606171,IBM,NYSE
1/24/2020,5580200,131.7946625,IBM,NYSE
1/27/2020,4166600,129.975647,IBM,NYSE
1/28/2020,3451600,130.8476563,IBM,NYSE
1/29/2020,3053800,129.103653,IBM,NYSE
1/30/2020,5057900,128.2410126,IBM,NYSE
1/31/2020,18994600,134.766983,IBM,NYSE
2/3/2020,8887500,137.1486053,IBM,NYSE
2/4/2020,5621000,139.8114929,IBM,NYSE
2/5/2020,14386800,146.5812531,IBM,NYSE
2/6/2020,8400500,146.984436,IBM,NYSE
2/7/2020,6423400,145.3453827,IBM,NYSE
2/10/2020,5239800,146.3117523,IBM,NYSE
2/11/2020,3835100,145.4116821,IBM,NYSE
2/12/2020,4437800,147.1455078,IBM,NYSE
2/13/2020,3820700,146.1980591,IBM,NYSE
2/14/2020,6099200,142.7778473,IBM,NYSE
2/18/2020,3343000,143.1568146,IBM,NYSE
2/19/2020,2732900,142.9294281,IBM,NYSE
2/20/2020,2880500,143.2704926,IBM,NYSE
2/21/2020,3536900,141.9630432,IBM,NYSE
2/24/2020,5452400,138.7322998,IBM,NYSE
2/25/2020,6211500,134.2604523,IBM,NYSE
2/26/2020,5407900,132.4034729,IBM,NYSE
2/27/2020,8421100,126.1125412,IBM,NYSE
2/28/2020,13012200,123.3081284,IBM,NYSE
3/2/2020,8531400,127.2399902,IBM,NYSE
3/3/2020,7896100,122.123848,IBM,NYSE
3/4/2020,4996400,127.1641922,IBM,NYSE
3/5/2020,5446200,122.7396774,IBM,NYSE
3/6/2020,8193300,121.015358,IBM,NYSE
3/9/2020,10757500,111.6168365,IBM,NYSE
3/10/2020,11410700,118.2109604,IBM,NYSE
3/11/2020,8446500,111.768425,IBM,NYSE
3/12/2020,12512700,97.40537262,IBM,NYSE
3/13/2020,12502100,102.2751694,IBM,NYSE
3/16/2020,10568000,93.87145996,IBM,NYSE
3/17/2020,9258300,101.0435104,IBM,NYSE
3/18/2020,8772500,98.10647583,IBM,NYSE
3/19/2020,8396500,95.06521606,IBM,NYSE
3/20/2020,10546500,90.37543488,IBM,NYSE
3/23/2020,9729400,89.7880249,IBM,NYSE
3/24/2020,7973900,99.93502045,IBM,NYSE
3/25/2020,8654000,100.2855606,IBM,NYSE
3/26/2020,7153500,106.9554749,IBM,NYSE
3/27/2020,6423000,102.3509598,IBM,NYSE
3/30/2020,5564500,106.9933777,IBM,NYSE
3/31/2020,6343300,105.0985184,IBM,NYSE
4/1/2020,6112900,99.61289215,IBM,NYSE
4/2/2020,6328700,104.2173996,IBM,NYSE
4/3/2020,4538800,100.7498016,IBM,NYSE
4/6/2020,7034200,108.7840195,IBM,NYSE
4/7/2020,5595300,108.8977127,IBM,NYSE
4/8/2020,5158600,113.0190353,IBM,NYSE
4/9/2020,5576800,115.1128616,IBM,NYSE
4/13/2020,5119700,114.7812576,IBM,NYSE
4/14/2020,5088700,117.3961639,IBM,NYSE
4/15/2020,5637300,112.4505768,IBM,NYSE
4/16/2020,6457600,109.6461792,IBM,NYSE
4/17/2020,4966000,113.8054047,IBM,NYSE
4/20/2020,8181700,114.080162,IBM,NYSE
4/21/2020,14349000,110.6220398,IBM,NYSE
4/22/2020,7087900,113.0379791,IBM,NYSE
4/23/2020,6881600,114.9707413,IBM,NYSE
4/24/2020,4987300,118.1635818,IBM,NYSE
4/27/2020,4923800,119.3005066,IBM,NYSE
4/28/2020,4778100,119.632103,IBM,NYSE
4/29/2020,5257600,121.9248886,IBM,NYSE
4/30/2020,6635800,118.9594193,IBM,NYSE
5/1/2020,4925500,115.4634094,IBM,NYSE
5/4/2020,4017900,115.2833939,IBM,NYSE
5/5/2020,3899400,116.1360779,IBM,NYSE
5/6/2020,3864600,116.6950607,IBM,NYSE
5/7/2020,4412600,116.3974304,IBM,NYSE
5/8/2020,5003900,118.087265,IBM,NYSE
5/11/2020,3535300,117.7032013,IBM,NYSE
5/12/2020,4784500,115.4660873,IBM,NYSE
5/13/2020,5882800,111.1166763,IBM,NYSE
5/14/2020,5259400,112.2880325,IBM,NYSE
5/15/2020,4786300,112.3168411,IBM,NYSE
5/18/2020,4207600,116.7142715,IBM,NYSE
5/19/2020,3241100,115.4948883,IBM,NYSE
5/20/2020,3840700,116.5414352,IBM,NYSE
5/21/2020,4000900,114.3715363,IBM,NYSE
5/22/2020,4180800,113.6706314,IBM,NYSE
5/26/2020,5469300,116.9062958,IBM,NYSE
5/27/2020,5727500,120.535614,IBM,NYSE
5/28/2020,3915300,119.5658722,IBM,NYSE
5/29/2020,7930500,119.9211349,IBM,NYSE
6/1/2020,2871700,119.9115219,IBM,NYSE
6/2/2020,2978100,120.9772797,IBM,NYSE
6/3/2020,3917700,123.9057007,IBM,NYSE
6/4/2020,3864800,123.7520752,IBM,NYSE
6/5/2020,5892700,126.7957001,IBM,NYSE
6/8/2020,5370500,130.3386078,IBM,NYSE
6/9/2020,5393600,126.6132813,IBM,NYSE
6/10/2020,4734800,124.6930084,IBM,NYSE
6/11/2020,11763600,113.3057861,IBM,NYSE
6/12/2020,6220300,117.0503159,IBM,NYSE
6/15/2020,5149100,116.8006744,IBM,NYSE
6/16/2020,5606700,120.1611557,IBM,NYSE
6/17/2020,3156800,119.2010269,IBM,NYSE
6/18/2020,2865400,119.2106247,IBM,NYSE
6/19/2020,8099000,117.5879898,IBM,NYSE
6/22/2020,4773500,116.2438049,IBM,NYSE
6/23/2020,6632600,114.6499786,IBM,NYSE
6/24/2020,6751000,111.7791595,IBM,NYSE
6/25/2020,6130600,114.2851181,IBM,NYSE
6/26/2020,10750100,112.5184708,IBM,NYSE
6/29/2020,4159500,114.9764175,IBM,NYSE
6/30/2020,3919500,115.9557571,IBM,NYSE
7/1/2020,4655800,113.8146515,IBM,NYSE
7/2/2020,3747000,114.9284058,IBM,NYSE
7/6/2020,4045400,115.39888,IBM,NYSE
7/7/2020,4278100,112.8929214,IBM,NYSE
7/8/2020,5192800,113.0177383,IBM,NYSE
7/9/2020,4763000,111.0974655,IBM,NYSE
7/10/2020,4285700,113.6322327,IBM,NYSE
7/13/2020,4650700,114.4483337,IBM,NYSE
7/14/2020,4534400,115.7925339,IBM,NYSE
7/15/2020,4473400,118.0968628,IBM,NYSE
7/16/2020,4330900,119.0666046,IBM,NYSE
7/17/2020,3984600,120.122757,IBM,NYSE
7/20/2020,9927700,121.3325348,IBM,NYSE
7/21/2020,15364900,121.0348816,IBM,NYSE
7/22/2020,8195400,123.5408401,IBM,NYSE
7/23/2020,4220100,122.2542572,IBM,NYSE
7/24/2020,3531100,120.7756424,IBM,NYSE
7/27/2020,3733400,121.1789017,IBM,NYSE
7/28/2020,4178200,119.5082703,IBM,NYSE
7/29/2020,2832800,120.324379,IBM,NYSE
7/30/2020,3988100,118.0008545,IBM,NYSE
7/31/2020,5277700,118.0392609,IBM,NYSE
8/3/2020,3526100,119.3546448,IBM,NYSE
8/4/2020,3466100,120.8236542,IBM,NYSE
8/5/2020,3675400,120.4491959,IBM,NYSE
8/6/2020,3417100,121.0924911,IBM,NYSE
8/7/2020,3651000,121.5496597,IBM,NYSE
8/10/2020,3968300,123.6409836,IBM,NYSE
8/11/2020,5001200,123.2908173,IBM,NYSE
8/12/2020,3530200,123.2421722,IBM,NYSE
8/13/2020,3171300,121.6177521,IBM,NYSE
8/14/2020,2963400,121.8512039,IBM,NYSE
8/17/2020,3360100,121.0438538,IBM,NYSE
8/18/2020,2882400,121.5107574,IBM,NYSE
8/19/2020,3743900,120.4602356,IBM,NYSE
8/20/2020,2561200,119.7890625,IBM,NYSE
8/21/2020,3385100,119.79879,IBM,NYSE
8/24/2020,4070800,122.2500153,IBM,NYSE
8/25/2020,2977700,121.2384033,IBM,NYSE
8/26/2020,3388300,120.7812195,IBM,NYSE
8/27/2020,3422700,121.2481308,IBM,NYSE
8/28/2020,3099600,121.656662,IBM,NYSE
8/31/2020,4827900,119.9446945,IBM,NYSE
9/1/2020,3155300,120.0322418,IBM,NYSE
9/2/2020,6592400,124.6817856,IBM,NYSE
9/3/2020,5716800,121.0535812,IBM,NYSE
9/4/2020,6018200,118.962265,IBM,NYSE
9/8/2020,5210300,117.9020081,IBM,NYSE
9/9/2020,3770700,118.9233551,IBM,NYSE
9/10/2020,3978400,117.2697449,IBM,NYSE
9/11/2020,3548100,118.1451797,IBM,NYSE
9/14/2020,3641500,118.757988,IBM,NYSE
9/15/2020,2915200,119.0984421,IBM,NYSE
9/16/2020,3788400,120.8298645,IBM,NYSE
9/17/2020,3171300,121.5107574,IBM,NYSE
9/18/2020,5391600,119.4097137,IBM,NYSE
9/21/2020,5311400,116.9682083,IBM,NYSE
9/22/2020,2957800,117.2211151,IBM,NYSE
9/23/2020,3939400,115.5869598,IBM,NYSE
9/24/2020,3546200,114.867157,IBM,NYSE
9/25/2020,2953700,115.7036896,IBM,NYSE
9/28/2020,3509200,118.407814,IBM,NYSE
9/29/2020,2106600,117.6393814,IBM,NYSE
9/30/2020,3261100,118.3494568,IBM,NYSE
10/1/2020,3211700,117.7852859,IBM,NYSE
10/2/2020,2925200,117.27948,IBM,NYSE
10/5/2020,3050500,118.6801758,IBM,NYSE
10/6/2020,3872300,118.6412659,IBM,NYSE
10/7/2020,2815400,120.68396,IBM,NYSE
10/8/2020,25288900,127.9014511,IBM,NYSE
10/9/2020,8353700,124.3024292,IBM,NYSE
10/12/2020,4635100,123.7382584,IBM,NYSE
10/13/2020,5406100,121.6858444,IBM,NYSE
10/14/2020,3730100,122.5029221,IBM,NYSE
10/15/2020,3385300,121.481575,IBM,NYSE
10/16/2020,4710400,122.4931946,IBM,NYSE
10/19/2020,7478700,122.0943756,IBM,NYSE
10/20/2020,21501100,114.1668091,IBM,NYSE
10/21/2020,9755300,111.9198456,IBM,NYSE
10/22/2020,7855800,112.6007462,IBM,NYSE
10/23/2020,3893400,112.834198,IBM,NYSE
10/26/2020,7203400,109.1573563,IBM,NYSE
10/27/2020,5936100,107.5426636,IBM,NYSE
10/28/2020,9427300,103.7393723,IBM,NYSE
10/29/2020,6760200,105.9376984,IBM,NYSE
10/30/2020,7921500,108.612648,IBM,NYSE
11/2/2020,5311500,109.8285294,IBM,NYSE
11/3/2020,4204300,111.0444107,IBM,NYSE
11/4/2020,5800100,108.8460922,IBM,NYSE
11/5/2020,4902200,111.637764,IBM,NYSE
11/6/2020,5249200,110.9276886,IBM,NYSE
11/9/2020,8992200,114.006546,IBM,NYSE
11/10/2020,5622800,116.3551712,IBM,NYSE
11/11/2020,4289600,115.6545258,IBM,NYSE
11/12/2020,6498200,112.9901276,IBM,NYSE
11/13/2020,4682600,115.3091431,IBM,NYSE
11/16/2020,5293400,116.7992325,IBM,NYSE
11/17/2020,4134500,116.147934,IBM,NYSE
11/18/2020,4606800,115.2301941,IBM,NYSE
11/19/2020,3439600,115.6347885,IBM,NYSE
11/20/2020,5024300,115.3979568,IBM,NYSE
11/23/2020,5650400,118.5064163,IBM,NYSE
11/24/2020,7752500,122.7793198,IBM,NYSE
11/25/2020,4135900,122.5622177,IBM,NYSE
11/27/2020,2091200,122.7102432,IBM,NYSE
11/30/2020,5988000,121.8911819,IBM,NYSE
12/1/2020,5312100,121.5359344,IBM,NYSE
12/2/2020,3690700,122.9766846,IBM,NYSE
12/3/2020,4548200,121.9800034,IBM,NYSE
12/4/2020,5522800,125.5226593,IBM,NYSE
12/7/2020,8318500,123.0556259,IBM,NYSE
12/8/2020,5395000,124.0523071,IBM,NYSE
12/9/2020,6513500,125.1180649,IBM,NYSE
12/10/2020,4803200,123.3121948,IBM,NYSE
12/11/2020,4481400,122.6312943,IBM,NYSE
12/14/2020,5050000,121.9010544,IBM,NYSE
12/15/2020,4359600,124.2694092,IBM,NYSE
12/16/2020,4530100,123.8944244,IBM,NYSE
12/17/2020,3788000,123.8944244,IBM,NYSE
12/18/2020,7552800,124.1904602,IBM,NYSE
12/21/2020,6115700,121.7629013,IBM,NYSE
12/22/2020,4336100,121.9800034,IBM,NYSE
12/23/2020,2693900,122.2661743,IBM,NYSE
12/24/2020,1761100,123.0457611,IBM,NYSE
12/28/2020,3615200,123.1740417,IBM,NYSE
12/29/2020,3487000,122.1674957,IBM,NYSE
12/30/2020,3380300,122.7003708,IBM,NYSE
12/31/2020,3574400,124.2200623,IBM,NYSE
1/4/2021,5179200,122.3056488,IBM,NYSE
1/5/2021,6114600,124.4766388,IBM,NYSE
1/6/2021,7956700,127.5850906,IBM,NYSE
1/7/2021,4507400,127.2890625,IBM,NYSE
1/8/2021,4676200,126.8351212,IBM,NYSE
1/11/2021,5602500,126.8844681,IBM,NYSE
1/12/2021,3749200,127.5061646,IBM,NYSE
1/13/2021,7677700,125.2463531,IBM,NYSE
1/14/2021,7503200,127.2693176,IBM,NYSE
1/15/2021,4905500,126.6969681,IBM,NYSE
1/19/2021,5398000,127.3186646,IBM,NYSE
1/20/2021,5598700,128.3646851,IBM,NYSE
1/21/2021,12819200,129.9139709,IBM,NYSE
1/22/2021,38063500,117.0459366,IBM,NYSE
1/25/2021,13686400,117.0163345,IBM,NYSE
1/26/2021,10694700,120.8747635,IBM,NYSE
1/27/2021,12146500,120.8550339,IBM,NYSE
1/28/2021,8084100,118.4965515,IBM,NYSE
1/29/2021,11772300,117.5393372,IBM,NYSE
2/1/2021,6250500,118.9504852,IBM,NYSE
2/2/2021,6341900,117.8649902,IBM,NYSE
2/3/2021,6715400,117.5492096,IBM,NYSE
2/4/2021,4562100,119.4241486,IBM,NYSE
2/5/2021,4563600,120.1839981,IBM,NYSE
2/8/2021,5888000,121.9800034,IBM,NYSE
2/9/2021,4717000,122.0999985,IBM,NYSE
2/10/2021,4866800,122.2399979,IBM,NYSE
2/11/2021,5380600,120.9100037,IBM,NYSE
2/12/2021,3868900,120.8000031,IBM,NYSE
2/16/2021,6639800,120.0699997,IBM,NYSE
2/17/2021,3959100,119.9700012,IBM,NYSE
2/18/2021,5398100,120.7300034,IBM,NYSE
2/19/2021,6578700,118.9899979,IBM,NYSE
2/22/2021,5879200,120.8600006,IBM,NYSE
2/23/2021,4531300,120.7099991,IBM,NYSE
2/24/2021,5820000,123.2099991,IBM,NYSE
2/25/2021,5691800,122.4700012,IBM,NYSE
2/26/2021,9044900,118.9300003,IBM,NYSE
3/1/2021,5714500,120.7399979,IBM,NYSE
3/2/2021,4522200,120.3300018,IBM,NYSE
3/3/2021,7396200,122.3600006,IBM,NYSE
3/4/2021,8062100,120.1100006,IBM,NYSE
3/5/2021,6944900,122.8300018,IBM,NYSE
3/8/2021,7236600,124.8099976,IBM,NYSE
3/9/2021,5608200,124.1800003,IBM,NYSE
3/10/2021,7243500,127.8700027,IBM,NYSE
3/11/2021,5145000,127.1399994,IBM,NYSE
3/12/2021,4009600,127.6100006,IBM,NYSE
3/15/2021,3420600,128.5800018,IBM,NYSE
3/16/2021,4630400,128.2400055,IBM,NYSE
3/17/2021,4244800,129.0299988,IBM,NYSE
3/18/2021,5834600,130.0599976,IBM,NYSE
3/19/2021,9830600,128.8999939,IBM,NYSE
3/22/2021,4164900,130.5500031,IBM,NYSE
3/23/2021,4356400,130.4600067,IBM,NYSE
3/24/2021,4001000,130.6199951,IBM,NYSE
3/25/2021,2342197,132.6100006,IBM,NYSE
1/2/2020,18056000,59.00574493,INTC,NYSE
1/3/2020,15293900,58.28805161,INTC,NYSE
1/6/2020,17755200,58.12317276,INTC,NYSE
1/7/2020,21876100,57.15332413,INTC,NYSE
1/8/2020,23133500,57.19212341,INTC,NYSE
1/9/2020,18813300,57.51216888,INTC,NYSE
1/10/2020,15200600,57.1630249,INTC,NYSE
1/13/2020,16453300,57.79342651,INTC,NYSE
1/14/2020,17051200,57.63825226,INTC,NYSE
1/15/2020,18498800,57.1630249,INTC,NYSE
1/16/2020,21365500,57.86131668,INTC,NYSE
1/17/2020,21803400,57.80312347,INTC,NYSE
1/21/2020,28358500,58.7244873,INTC,NYSE
1/22/2020,29475100,60.83876038,INTC,NYSE
1/23/2020,42778700,61.4109726,INTC,NYSE
1/24/2020,84711000,66.40570831,INTC,NYSE
1/27/2020,30764000,63.70952225,INTC,NYSE
1/28/2020,30915400,65.2806778,INTC,NYSE
1/29/2020,18055800,64.33023071,INTC,NYSE
1/30/2020,18522400,64.46600342,INTC,NYSE
1/31/2020,25268400,62.00258255,INTC,NYSE
2/3/2020,16654600,62.47780228,INTC,NYSE
2/4/2020,20970800,63.4864502,INTC,NYSE
2/5/2020,23401400,65.30976868,INTC,NYSE
2/6/2020,17408000,65.38774109,INTC,NYSE
2/7/2020,18134600,64.34489441,INTC,NYSE
2/10/2020,22299300,64.70550537,INTC,NYSE
2/11/2020,17975600,65.69963074,INTC,NYSE
2/12/2020,15586600,65.74835205,INTC,NYSE
2/13/2020,11602700,65.72886658,INTC,NYSE
2/14/2020,13405500,65.56317139,INTC,NYSE
2/18/2020,12758400,64.46185303,INTC,NYSE
2/19/2020,13551200,65.40723419,INTC,NYSE
2/20/2020,26452600,63.78935242,INTC,NYSE
2/21/2020,20775900,62.7075119,INTC,NYSE
2/24/2020,26903100,60.19297791,INTC,NYSE
2/25/2020,34495700,58.21448898,INTC,NYSE
2/26/2020,26190100,58.13651657,INTC,NYSE
2/27/2020,42226900,54.4134407,INTC,NYSE
2/28/2020,60728000,54.11130905,INTC,NYSE
3/2/2020,43140300,56.70381546,INTC,NYSE
3/3/2020,49740300,54.54988861,INTC,NYSE
3/4/2020,29223100,57.19112778,INTC,NYSE
3/5/2020,29099200,55.51476669,INTC,NYSE
3/6/2020,36259200,54.3549614,INTC,NYSE
3/9/2020,56197000,49.55979538,INTC,NYSE
3/10/2020,36569000,52.61037827,INTC,NYSE
3/11/2020,38563500,50.34924698,INTC,NYSE
3/12/2020,50661700,44.38452911,INTC,NYSE
3/13/2020,48805100,53.04895782,INTC,NYSE
3/16/2020,53878900,43.47812653,INTC,NYSE
3/17/2020,52085200,48.80933762,INTC,NYSE
3/18/2020,49309900,46.40200424,INTC,NYSE
3/19/2020,44538000,44.7743721,INTC,NYSE
3/20/2020,52344000,44.66717148,INTC,NYSE
3/23/2020,46698500,48.32202148,INTC,NYSE
3/24/2020,50019800,51.07047272,INTC,NYSE
3/25/2020,41106100,49.95939255,INTC,NYSE
3/26/2020,41459800,54.13079834,INTC,NYSE
3/27/2020,31633500,51.04123306,INTC,NYSE
3/30/2020,31628600,54.0820694,INTC,NYSE
3/31/2020,48074700,52.74682617,INTC,NYSE
4/1/2020,29586600,50.56366348,INTC,NYSE
4/2/2020,27810000,52.97099304,INTC,NYSE
4/3/2020,23906100,52.75657654,INTC,NYSE
4/6/2020,32323400,56.94747162,INTC,NYSE
4/7/2020,41410000,56.91823196,INTC,NYSE
4/8/2020,26719500,57.48351669,INTC,NYSE
4/9/2020,40515400,55.69020462,INTC,NYSE
4/13/2020,23251900,57.21062469,INTC,NYSE
4/14/2020,25674000,59.12088776,INTC,NYSE
4/15/2020,22841600,57.37630844,INTC,NYSE
4/16/2020,24433500,59.24758911,INTC,NYSE
4/17/2020,27385600,58.82849884,INTC,NYSE
4/20/2020,26420300,57.67844009,INTC,NYSE
4/21/2020,25248000,54.92999268,INTC,NYSE
4/22/2020,23443700,58.57509995,INTC,NYSE
4/23/2020,35092000,57.541996,INTC,NYSE
4/24/2020,50220500,57.75641251,INTC,NYSE
4/27/2020,25902200,57.96108627,INTC,NYSE
4/28/2020,28784700,57.25934982,INTC,NYSE
4/29/2020,30451500,60.23196411,INTC,NYSE
4/30/2020,26279900,58.45814514,INTC,NYSE
5/1/2020,21194800,56.01182938,INTC,NYSE
5/4/2020,18957200,56.51864243,INTC,NYSE
5/5/2020,17252100,57.25934982,INTC,NYSE
5/6/2020,17848700,58.00425339,INTC,NYSE
5/7/2020,14733500,57.99444962,INTC,NYSE
5/8/2020,20391100,58.48451614,INTC,NYSE
5/11/2020,18684400,58.93537903,INTC,NYSE
5/12/2020,16754900,57.22994614,INTC,NYSE
5/13/2020,21065000,56.59286499,INTC,NYSE
5/14/2020,21569400,57.90623856,INTC,NYSE
5/15/2020,21373300,57.12213135,INTC,NYSE
5/18/2020,20443700,58.72954941,INTC,NYSE
5/19/2020,21865000,59.09220123,INTC,NYSE
5/20/2020,30584000,61.84637451,INTC,NYSE
5/21/2020,20987700,60.74862671,INTC,NYSE
5/22/2020,14103000,61.02305984,INTC,NYSE
5/26/2020,20933600,61.10147095,INTC,NYSE
5/27/2020,19886300,62.2972374,INTC,NYSE
5/28/2020,17253500,60.47418976,INTC,NYSE
5/29/2020,33395700,61.67974854,INTC,NYSE
6/1/2020,14317700,60.63100815,INTC,NYSE
6/2/2020,20702400,60.88584518,INTC,NYSE
6/3/2020,16737300,60.69961548,INTC,NYSE
6/4/2020,22010100,61.71895599,INTC,NYSE
6/5/2020,26813100,63.06173325,INTC,NYSE
6/8/2020,21546200,62.40504837,INTC,NYSE
6/9/2020,23594100,61.78756332,INTC,NYSE
6/10/2020,21367800,62.60107422,INTC,NYSE
6/11/2020,26998200,58.51392746,INTC,NYSE
6/12/2020,30419800,58.15127563,INTC,NYSE
6/15/2020,29651700,58.90597534,INTC,NYSE
6/16/2020,23226600,59.20001984,INTC,NYSE
6/17/2020,20454800,59.28822708,INTC,NYSE
6/18/2020,24899700,58.88637161,INTC,NYSE
6/19/2020,60336100,58.43550873,INTC,NYSE
6/22/2020,22846000,58.89617157,INTC,NYSE
6/23/2020,22809600,58.72954941,INTC,NYSE
6/24/2020,27764500,57.91603851,INTC,NYSE
6/25/2020,21906900,57.34756088,INTC,NYSE
6/26/2020,38477500,56.35762787,INTC,NYSE
6/29/2020,22150300,57.11233521,INTC,NYSE
6/30/2020,31542100,58.64134598,INTC,NYSE
7/1/2020,14748100,57.64160538,INTC,NYSE
7/2/2020,15578600,57.95524979,INTC,NYSE
7/6/2020,20536700,58.35710144,INTC,NYSE
7/7/2020,15996500,57.15153885,INTC,NYSE
7/8/2020,13277900,57.44557953,INTC,NYSE
7/9/2020,20683700,57.25934982,INTC,NYSE
7/10/2020,17742300,58.34729767,INTC,NYSE
7/13/2020,19082900,57.41617584,INTC,NYSE
7/14/2020,24190900,57.80822754,INTC,NYSE
7/15/2020,19986300,57.85723495,INTC,NYSE
7/16/2020,12425900,57.96504974,INTC,NYSE
7/17/2020,16322800,58.80796432,INTC,NYSE
7/20/2020,16868700,59.93511581,INTC,NYSE
7/21/2020,19830300,59.4940567,INTC,NYSE
7/22/2020,18959900,59.83710098,INTC,NYSE
7/23/2020,43518600,59.20001984,INTC,NYSE
7/24/2020,182269900,49.58491135,INTC,NYSE
7/27/2020,107526500,48.58517838,INTC,NYSE
7/28/2020,62362600,48.26173782,INTC,NYSE
7/29/2020,60500800,47.11497879,INTC,NYSE
7/30/2020,39735200,47.03656769,INTC,NYSE
7/31/2020,46569900,46.78173447,INTC,NYSE
8/3/2020,31767100,47.34040833,INTC,NYSE
8/4/2020,29045800,48.15391922,INTC,NYSE
8/5/2020,29471100,47.9480896,INTC,NYSE
8/6/2020,23795500,47.92835617,INTC,NYSE
8/7/2020,36765200,47.39548874,INTC,NYSE
8/10/2020,37442600,48.56977081,INTC,NYSE
8/11/2020,35348100,47.55337143,INTC,NYSE
8/12/2020,30687200,48.54016113,INTC,NYSE
8/13/2020,24774500,47.91848755,INTC,NYSE
8/14/2020,22321200,48.24412537,INTC,NYSE
8/17/2020,20018300,48.28359985,INTC,NYSE
8/18/2020,19251400,48.00730133,INTC,NYSE
8/19/2020,27775000,47.69152832,INTC,NYSE
8/20/2020,55081300,48.5204277,INTC,NYSE
8/21/2020,34621500,48.62897491,INTC,NYSE
8/24/2020,36295300,48.49082565,INTC,NYSE
8/25/2020,38384300,48.7769928,INTC,NYSE
8/26/2020,28616600,48.89540863,INTC,NYSE
8/27/2020,24420600,48.74739075,INTC,NYSE
8/28/2020,35384700,49.7637825,INTC,NYSE
8/31/2020,46114100,50.2769165,INTC,NYSE
9/1/2020,30522700,50.11903,INTC,NYSE
9/2/2020,53000700,51.55973816,INTC,NYSE
9/3/2020,47394300,49.72431183,INTC,NYSE
9/4/2020,43318400,49.41841125,INTC,NYSE
9/8/2020,39752700,48.26386261,INTC,NYSE
9/9/2020,33437300,48.96448135,INTC,NYSE
9/10/2020,32649100,48.3132019,INTC,NYSE
9/11/2020,29333600,48.62897491,INTC,NYSE
9/14/2020,27212500,48.75725937,INTC,NYSE
9/15/2020,27598300,49.33946228,INTC,NYSE
9/16/2020,26531400,49.70457458,INTC,NYSE
9/17/2020,26959900,49.65523529,INTC,NYSE
9/18/2020,50123500,49.23091507,INTC,NYSE
9/21/2020,27377100,49.06316376,INTC,NYSE
9/22/2020,22290900,49.2901268,INTC,NYSE
9/23/2020,30078800,48.17505264,INTC,NYSE
9/24/2020,29343400,48.51055908,INTC,NYSE
9/25/2020,26633400,49.28025818,INTC,NYSE
9/28/2020,29652200,50.7505722,INTC,NYSE
9/29/2020,19558200,50.51374435,INTC,NYSE
9/30/2020,27711300,51.09594727,INTC,NYSE
10/1/2020,22127600,51.54987335,INTC,NYSE
10/2/2020,25811800,50.33611679,INTC,NYSE
10/5/2020,20883200,51.0071373,INTC,NYSE
10/6/2020,25642800,50.69136429,INTC,NYSE
10/7/2020,21978700,51.97418976,INTC,NYSE
10/8/2020,22369500,52.6649437,INTC,NYSE
10/9/2020,24343900,52.12220764,INTC,NYSE
10/12/2020,27303500,53.16820908,INTC,NYSE
10/13/2020,20005800,53.11886978,INTC,NYSE
10/14/2020,21885100,52.84256363,INTC,NYSE
10/15/2020,18272900,53.1385994,INTC,NYSE
10/16/2020,23414400,53.4445076,INTC,NYSE
10/19/2020,43537200,53.8589592,INTC,NYSE
10/20/2020,27224900,52.72415161,INTC,NYSE
10/21/2020,21866000,52.79322815,INTC,NYSE
10/22/2020,41522700,53.18794632,INTC,NYSE
10/23/2020,97322500,47.56324387,INTC,NYSE
10/26/2020,54161300,46.10279846,INTC,NYSE
10/27/2020,50130500,45.03705978,INTC,NYSE
10/28/2020,45066000,43.66542816,INTC,NYSE
10/29/2020,36796800,43.5272789,INTC,NYSE
10/30/2020,46781300,43.69503021,INTC,NYSE
11/2/2020,33856700,43.87265015,INTC,NYSE
11/3/2020,34349500,44.25749969,INTC,NYSE
11/4/2020,34748200,45.09627151,INTC,NYSE
11/5/2020,31103200,45.40439987,INTC,NYSE
11/6/2020,36233700,45.11614609,INTC,NYSE
11/9/2020,48481700,45.32487869,INTC,NYSE
11/10/2020,39224500,45.16584396,INTC,NYSE
11/11/2020,31496900,46.07035446,INTC,NYSE
11/12/2020,42881300,44.67880249,INTC,NYSE
11/13/2020,30884700,45.18572617,INTC,NYSE
11/16/2020,36306300,45.91131973,INTC,NYSE
11/17/2020,31118000,45.25530243,INTC,NYSE
11/18/2020,32817900,44.78813934,INTC,NYSE
11/19/2020,29469100,45.34476089,INTC,NYSE
11/20/2020,24199300,45.11614609,INTC,NYSE
11/23/2020,35489600,45.78210831,INTC,NYSE
11/24/2020,33901200,46.72637177,INTC,NYSE
11/25/2020,28126900,46.76613235,INTC,NYSE
11/27/2020,15921400,47.16371918,INTC,NYSE
11/30/2020,46332700,48.05828857,INTC,NYSE
12/1/2020,57778200,49.26099014,INTC,NYSE
12/2/2020,33753500,49.59893799,INTC,NYSE
12/3/2020,50261200,50.68236542,INTC,NYSE
12/4/2020,39767700,51.67633057,INTC,NYSE
12/7/2020,51040300,49.89712906,INTC,NYSE
12/8/2020,28956500,50.38417053,INTC,NYSE
12/9/2020,34068400,49.76791382,INTC,NYSE
12/10/2020,33706000,49.95676422,INTC,NYSE
12/11/2020,29398800,49.42996216,INTC,NYSE
12/14/2020,33436400,50.16550064,INTC,NYSE
12/15/2020,25473000,50.36429214,INTC,NYSE
12/16/2020,28351000,50.81157684,INTC,NYSE
12/17/2020,26399000,50.34441376,INTC,NYSE
12/18/2020,119298400,47.17366028,INTC,NYSE
12/21/2020,53775700,46.08029556,INTC,NYSE
12/22/2020,32171200,45.89144135,INTC,NYSE
12/23/2020,22564200,46.28902817,INTC,NYSE
12/24/2020,11865600,46.78601074,INTC,NYSE
12/28/2020,21269200,46.78601074,INTC,NYSE
12/29/2020,84531400,49.09201431,INTC,NYSE
12/30/2020,37385400,48.4558754,INTC,NYSE
12/31/2020,28576800,49.51942062,INTC,NYSE
1/4/2021,46102500,49.37032318,INTC,NYSE
1/5/2021,24866600,50.30465698,INTC,NYSE
1/6/2021,36809600,50.79169846,INTC,NYSE
1/7/2021,32092300,51.87512207,INTC,NYSE
1/8/2021,34625400,51.33838272,INTC,NYSE
1/11/2021,32933300,51.22904587,INTC,NYSE
1/12/2021,39883900,52.91878891,INTC,NYSE
1/13/2021,124070700,56.60640335,INTC,NYSE
1/14/2021,74680900,58.89252853,INTC,NYSE
1/15/2021,50265400,57.23260498,INTC,NYSE
1/19/2021,35647100,57.64012909,INTC,NYSE
1/20/2021,28701300,58.31602478,INTC,NYSE
1/21/2021,87156500,62.0831604,INTC,NYSE
1/22/2021,85729300,56.31815338,INTC,NYSE
1/25/2021,61968500,55.10551071,INTC,NYSE
1/26/2021,31485900,54.87689972,INTC,NYSE
1/27/2021,49722900,53.26667404,INTC,NYSE
1/28/2021,49202600,55.73171234,INTC,NYSE
1/29/2021,37238000,55.17509079,INTC,NYSE
2/1/2021,26926600,56.34796906,INTC,NYSE
2/2/2021,23580900,57.65007019,INTC,NYSE
2/3/2021,21893200,57.33200073,INTC,NYSE
2/4/2021,29853800,58.79000092,INTC,NYSE
2/5/2021,23422400,58.18000031,INTC,NYSE
2/8/2021,34358300,59.15999985,INTC,NYSE
2/9/2021,28754100,58.77999878,INTC,NYSE
2/10/2021,16325100,58.86000061,INTC,NYSE
2/11/2021,27500100,60.65999985,INTC,NYSE
2/12/2021,26197900,61.81000137,INTC,NYSE
2/16/2021,26326300,62.47000122,INTC,NYSE
2/17/2021,21055400,61.84999847,INTC,NYSE
2/18/2021,17846100,61.61000061,INTC,NYSE
2/19/2021,28290100,63.00999832,INTC,NYSE
2/22/2021,32288200,60.70999908,INTC,NYSE
2/23/2021,27374600,61.11999893,INTC,NYSE
2/24/2021,24669900,63.18999863,INTC,NYSE
2/25/2021,36394000,60.40000153,INTC,NYSE
2/26/2021,38210400,60.77999878,INTC,NYSE
3/1/2021,28495400,62.88000107,INTC,NYSE
3/2/2021,23298800,61.24000168,INTC,NYSE
3/3/2021,28705200,59.90000153,INTC,NYSE
3/4/2021,40044900,58.33000183,INTC,NYSE
3/5/2021,39501700,60.74000168,INTC,NYSE
3/8/2021,33095700,59.84999847,INTC,NYSE
3/9/2021,36344500,62.66999817,INTC,NYSE
3/10/2021,27153200,62.25,INTC,NYSE
3/11/2021,30682700,63.31000137,INTC,NYSE
3/12/2021,20169200,62.90000153,INTC,NYSE
3/15/2021,21247400,63.79000092,INTC,NYSE
3/16/2021,30018700,64.77999878,INTC,NYSE
3/17/2021,32356200,65.77999878,INTC,NYSE
3/18/2021,30094200,63.72999954,INTC,NYSE
3/19/2021,54947100,63.75999832,INTC,NYSE
3/22/2021,34380100,65.62999725,INTC,NYSE
3/23/2021,35160000,63.47999954,INTC,NYSE
3/24/2021,74564300,62.04000092,INTC,NYSE
3/25/2021,19102317,62.06000137,INTC,NYSE
1/2/2020,12077100,209.7799988,FB,NYSE
1/3/2020,11188400,208.6699982,FB,NYSE
1/6/2020,17058900,212.6000061,FB,NYSE
1/7/2020,14912400,213.0599976,FB,NYSE
1/8/2020,13475000,215.2200012,FB,NYSE
1/9/2020,12642800,218.3000031,FB,NYSE
1/10/2020,12119400,218.0599976,FB,NYSE
1/13/2020,14463400,221.9100037,FB,NYSE
1/14/2020,13288900,219.0599976,FB,NYSE
1/15/2020,10036500,221.1499939,FB,NYSE
1/16/2020,10015300,221.7700043,FB,NYSE
1/17/2020,15905900,222.1399994,FB,NYSE
1/21/2020,14275800,221.4400024,FB,NYSE
1/22/2020,12212800,221.3200073,FB,NYSE
1/23/2020,11195000,219.7599945,FB,NYSE
1/24/2020,11905800,217.9400024,FB,NYSE
1/27/2020,13810700,214.8699951,FB,NYSE
1/28/2020,13413800,217.7899933,FB,NYSE
1/29/2020,33181300,223.2299957,FB,NYSE
1/30/2020,48775500,209.5299988,FB,NYSE
1/31/2020,31359900,201.9100037,FB,NYSE
2/3/2020,15495600,204.1900024,FB,NYSE
2/4/2020,19628900,209.8300018,FB,NYSE
2/5/2020,12538200,210.1100006,FB,NYSE
2/6/2020,10567500,210.8500061,FB,NYSE
2/7/2020,12242500,212.3300018,FB,NYSE
2/10/2020,11856400,213.0599976,FB,NYSE
2/11/2020,25030800,207.1900024,FB,NYSE
2/12/2020,13813700,210.7599945,FB,NYSE
2/13/2020,15396600,213.1399994,FB,NYSE
2/14/2020,10741700,214.1799927,FB,NYSE
2/18/2020,15609200,217.8000031,FB,NYSE
2/19/2020,12135100,217.4900055,FB,NYSE
2/20/2020,13109200,214.5800018,FB,NYSE
2/21/2020,14092300,210.1799927,FB,NYSE
2/24/2020,23080100,200.7200012,FB,NYSE
2/25/2020,21433500,196.7700043,FB,NYSE
2/26/2020,16524500,197.1999969,FB,NYSE
2/27/2020,21682600,189.75,FB,NYSE
2/28/2020,32568900,192.4700012,FB,NYSE
3/2/2020,24949000,196.4400024,FB,NYSE
3/3/2020,27984100,185.8899994,FB,NYSE
3/4/2020,23062500,191.7599945,FB,NYSE
3/5/2020,19333400,185.1699982,FB,NYSE
3/6/2020,24559600,181.0899963,FB,NYSE
3/9/2020,29949000,169.5,FB,NYSE
3/10/2020,24517800,178.1900024,FB,NYSE
3/11/2020,20373900,170.2400055,FB,NYSE
3/12/2020,43266300,154.4700012,FB,NYSE
3/13/2020,35028600,170.2799988,FB,NYSE
3/16/2020,39120400,146.0099945,FB,NYSE
3/17/2020,34255600,149.4199982,FB,NYSE
3/18/2020,37553100,146.9600067,FB,NYSE
3/19/2020,39862300,153.1300049,FB,NYSE
3/20/2020,32568400,149.7299957,FB,NYSE
3/23/2020,29830800,148.1000061,FB,NYSE
3/24/2020,30440400,160.9799957,FB,NYSE
3/25/2020,35184300,156.2100067,FB,NYSE
3/26/2020,26556800,163.3399963,FB,NYSE
3/27/2020,24879900,156.7899933,FB,NYSE
3/30/2020,22515200,165.9499969,FB,NYSE
3/31/2020,23676300,166.8000031,FB,NYSE
4/1/2020,19507600,159.6000061,FB,NYSE
4/2/2020,20886300,158.1900024,FB,NYSE
4/3/2020,25983300,154.1799927,FB,NYSE
4/6/2020,28453600,165.5500031,FB,NYSE
4/7/2020,31411900,168.8300018,FB,NYSE
4/8/2020,21664200,174.2799988,FB,NYSE
4/9/2020,23534300,175.1900024,FB,NYSE
4/13/2020,19355400,174.7899933,FB,NYSE
4/14/2020,21011800,178.1699982,FB,NYSE
4/15/2020,17423000,176.9700012,FB,NYSE
4/16/2020,23593200,176.25,FB,NYSE
4/17/2020,20974800,179.2400055,FB,NYSE
4/20/2020,16110700,178.2400055,FB,NYSE
4/21/2020,24850500,170.8000031,FB,NYSE
4/22/2020,33242000,182.2799988,FB,NYSE
4/23/2020,21426600,185.1300049,FB,NYSE
4/24/2020,28792000,190.0700073,FB,NYSE
4/27/2020,29197800,187.5,FB,NYSE
4/28/2020,21731000,182.9100037,FB,NYSE
4/29/2020,45954500,194.1900024,FB,NYSE
4/30/2020,46230100,204.7100067,FB,NYSE
5/1/2020,30415600,202.2700043,FB,NYSE
5/4/2020,19250700,205.2599945,FB,NYSE
5/5/2020,21071200,207.0700073,FB,NYSE
5/6/2020,21857000,208.4700012,FB,NYSE
5/7/2020,15152000,211.2599945,FB,NYSE
5/8/2020,12506000,212.3500061,FB,NYSE
5/11/2020,12911900,213.1799927,FB,NYSE
5/12/2020,14704600,210.1000061,FB,NYSE
5/13/2020,20684600,205.1000061,FB,NYSE
5/14/2020,17178900,206.8099976,FB,NYSE
5/15/2020,19383200,210.8800049,FB,NYSE
5/18/2020,20151900,213.1900024,FB,NYSE
5/19/2020,31843200,216.8800049,FB,NYSE
5/20/2020,50162900,229.9700012,FB,NYSE
5/21/2020,47782600,231.3899994,FB,NYSE
5/22/2020,33925600,234.9100037,FB,NYSE
5/26/2020,33178300,232.1999969,FB,NYSE
5/27/2020,34697600,229.1399994,FB,NYSE
5/28/2020,29377200,225.4600067,FB,NYSE
5/29/2020,23241500,225.0899963,FB,NYSE
6/1/2020,18223800,231.9100037,FB,NYSE
6/2/2020,20919000,232.7200012,FB,NYSE
6/3/2020,15380300,230.1600037,FB,NYSE
6/4/2020,17041500,226.2899933,FB,NYSE
6/5/2020,16750400,230.7700043,FB,NYSE
6/8/2020,15466500,231.3999939,FB,NYSE
6/9/2020,27462900,238.6699982,FB,NYSE
6/10/2020,20720700,236.7299957,FB,NYSE
6/11/2020,26708200,224.4299927,FB,NYSE
6/12/2020,22091400,228.5800018,FB,NYSE
6/15/2020,15340300,232.5,FB,NYSE
6/16/2020,15236700,235.6499939,FB,NYSE
6/17/2020,19578100,235.5299988,FB,NYSE
6/18/2020,15782500,235.9400024,FB,NYSE
6/19/2020,30081300,238.7899933,FB,NYSE
6/22/2020,18917800,239.2200012,FB,NYSE
6/23/2020,24017900,242.2400055,FB,NYSE
6/24/2020,20834900,234.0200043,FB,NYSE
6/25/2020,18704300,235.6799927,FB,NYSE
6/26/2020,76343900,216.0800018,FB,NYSE
6/29/2020,58514300,220.6399994,FB,NYSE
6/30/2020,33927100,227.0700073,FB,NYSE
7/1/2020,43399700,237.5500031,FB,NYSE
7/2/2020,30633600,233.4199982,FB,NYSE
7/6/2020,26206200,240.2799988,FB,NYSE
7/7/2020,27887800,240.8600006,FB,NYSE
7/8/2020,29791300,243.5800018,FB,NYSE
7/9/2020,22174900,244.5,FB,NYSE
7/10/2020,22982700,245.0700073,FB,NYSE
7/13/2020,24674900,239,FB,NYSE
7/14/2020,23378100,239.7299957,FB,NYSE
7/15/2020,19133600,240.2799988,FB,NYSE
7/16/2020,18880700,240.9299927,FB,NYSE
7/17/2020,18152400,242.0299988,FB,NYSE
7/20/2020,20872200,245.4199982,FB,NYSE
7/21/2020,19364200,241.75,FB,NYSE
7/22/2020,15427900,239.8699951,FB,NYSE
7/23/2020,21771800,232.6000061,FB,NYSE
7/24/2020,18325800,230.7100067,FB,NYSE
7/27/2020,13163100,233.5,FB,NYSE
7/28/2020,14170100,230.1199951,FB,NYSE
7/29/2020,13588300,233.2899933,FB,NYSE
7/30/2020,20615300,234.5,FB,NYSE
7/31/2020,53005100,253.6699982,FB,NYSE
8/3/2020,23124900,251.9600067,FB,NYSE
8/4/2020,17183500,249.8300018,FB,NYSE
8/5/2020,13050100,249.1199951,FB,NYSE
8/6/2020,45241600,265.2799988,FB,NYSE
8/7/2020,72766400,268.4400024,FB,NYSE
8/10/2020,30248800,263,FB,NYSE
8/11/2020,28238300,256.1300049,FB,NYSE
8/12/2020,21415700,259.8900146,FB,NYSE
8/13/2020,17374000,261.2999878,FB,NYSE
8/14/2020,14792700,261.2399902,FB,NYSE
8/17/2020,13351100,261.1600037,FB,NYSE
8/18/2020,18690400,262.3399963,FB,NYSE
8/19/2020,23291500,262.5899963,FB,NYSE
8/20/2020,20299700,269.0100098,FB,NYSE
8/21/2020,15538600,267.0100098,FB,NYSE
8/24/2020,23685600,271.3900146,FB,NYSE
8/25/2020,42127200,280.8200073,FB,NYSE
8/26/2020,69015200,303.9100037,FB,NYSE
8/27/2020,30301300,293.2200012,FB,NYSE
8/28/2020,17157400,293.6600037,FB,NYSE
8/31/2020,17345100,293.2000122,FB,NYSE
9/1/2020,17295900,295.4400024,FB,NYSE
9/2/2020,24341400,302.5,FB,NYSE
9/3/2020,32294100,291.1199951,FB,NYSE
9/4/2020,30333700,282.730011,FB,NYSE
9/8/2020,24864000,271.1600037,FB,NYSE
9/9/2020,22918800,273.7200012,FB,NYSE
9/10/2020,24814700,268.0899963,FB,NYSE
9/11/2020,18913900,266.6099854,FB,NYSE
9/14/2020,24093800,266.1499939,FB,NYSE
9/15/2020,18478500,272.4200134,FB,NYSE
9/16/2020,29183400,263.519989,FB,NYSE
9/17/2020,31281400,254.8200073,FB,NYSE
9/18/2020,28130800,252.5299988,FB,NYSE
9/21/2020,24709400,248.1499939,FB,NYSE
9/22/2020,30293100,254.75,FB,NYSE
9/23/2020,19641300,249.0200043,FB,NYSE
9/24/2020,20006800,249.5299988,FB,NYSE
9/25/2020,18351300,254.8200073,FB,NYSE
9/28/2020,18826300,256.8200073,FB,NYSE
9/29/2020,20200200,261.7900085,FB,NYSE
9/30/2020,20142500,261.8999939,FB,NYSE
10/1/2020,20009800,266.6300049,FB,NYSE
10/2/2020,16367600,259.9400024,FB,NYSE
10/5/2020,12822300,264.6499939,FB,NYSE
10/6/2020,18696900,258.6600037,FB,NYSE
10/7/2020,23133400,258.1199951,FB,NYSE
10/8/2020,16312800,263.7600098,FB,NYSE
10/9/2020,14107800,264.4500122,FB,NYSE
10/12/2020,31019300,275.75,FB,NYSE
10/13/2020,18063300,276.1400146,FB,NYSE
10/14/2020,15577800,271.8200073,FB,NYSE
10/15/2020,15416100,266.7200012,FB,NYSE
10/16/2020,16622700,265.9299927,FB,NYSE
10/19/2020,13587000,261.3999939,FB,NYSE
10/20/2020,18763200,267.5599976,FB,NYSE
10/21/2020,28998600,278.730011,FB,NYSE
10/22/2020,16720000,278.1199951,FB,NYSE
10/23/2020,17535200,284.7900085,FB,NYSE
10/26/2020,21322900,277.1099854,FB,NYSE
10/27/2020,16287200,283.2900085,FB,NYSE
10/28/2020,23121800,267.6700134,FB,NYSE
10/29/2020,32368100,280.8299866,FB,NYSE
10/30/2020,47247800,263.1099854,FB,NYSE
11/2/2020,27165700,261.3599854,FB,NYSE
11/3/2020,17961900,265.2999878,FB,NYSE
11/4/2020,35364400,287.3800049,FB,NYSE
11/5/2020,23823600,294.6799927,FB,NYSE
11/6/2020,13891000,293.4100037,FB,NYSE
11/9/2020,25117700,278.769989,FB,NYSE
11/10/2020,29067700,272.4299927,FB,NYSE
11/11/2020,14957000,276.480011,FB,NYSE
11/12/2020,12899500,275.0799866,FB,NYSE
11/13/2020,10391200,276.9500122,FB,NYSE
11/16/2020,12970400,278.9599915,FB,NYSE
11/17/2020,15040300,275,FB,NYSE
11/18/2020,12152900,271.9700012,FB,NYSE
11/19/2020,12963700,272.9400024,FB,NYSE
11/20/2020,18114700,269.7000122,FB,NYSE
11/23/2020,20990800,268.4299927,FB,NYSE
11/24/2020,16930400,276.9200134,FB,NYSE
11/25/2020,12467000,275.5899963,FB,NYSE
11/27/2020,7808400,277.8099976,FB,NYSE
11/30/2020,16693300,276.9700012,FB,NYSE
12/1/2020,20777900,286.5499878,FB,NYSE
12/2/2020,17361600,287.519989,FB,NYSE
12/3/2020,12921700,281.8500061,FB,NYSE
12/4/2020,10880300,279.7000122,FB,NYSE
12/7/2020,13007700,285.5799866,FB,NYSE
12/8/2020,10747700,283.3999939,FB,NYSE
12/9/2020,25189700,277.9200134,FB,NYSE
12/10/2020,20065100,277.1199951,FB,NYSE
12/11/2020,14391400,273.5499878,FB,NYSE
12/14/2020,16376900,274.1900024,FB,NYSE
12/15/2020,23979500,275.5499878,FB,NYSE
12/16/2020,15885000,275.6700134,FB,NYSE
12/17/2020,16377800,274.480011,FB,NYSE
12/18/2020,26693200,276.3999939,FB,NYSE
12/21/2020,16553700,272.7900085,FB,NYSE
12/22/2020,17312900,267.0899963,FB,NYSE
12/23/2020,14329000,268.1099854,FB,NYSE
12/24/2020,6702000,267.3999939,FB,NYSE
12/28/2020,23299700,277,FB,NYSE
12/29/2020,16383000,276.7799988,FB,NYSE
12/30/2020,11803800,271.8699951,FB,NYSE
12/31/2020,12900400,273.1600037,FB,NYSE
1/4/2021,15106100,268.9400024,FB,NYSE
1/5/2021,9871600,270.9700012,FB,NYSE
1/6/2021,24354100,263.3099976,FB,NYSE
1/7/2021,15789800,268.7399902,FB,NYSE
1/8/2021,18528300,267.5700073,FB,NYSE
1/11/2021,30412300,256.8399963,FB,NYSE
1/12/2021,26449900,251.0899963,FB,NYSE
1/13/2021,19528900,251.6399994,FB,NYSE
1/14/2021,29739400,245.6399994,FB,NYSE
1/15/2021,24942900,251.3600006,FB,NYSE
1/19/2021,28028500,261.1000061,FB,NYSE
1/20/2021,25199900,267.480011,FB,NYSE
1/21/2021,20838700,272.8699951,FB,NYSE
1/22/2021,21954000,274.5,FB,NYSE
1/25/2021,19087000,278.0100098,FB,NYSE
1/26/2021,19373600,282.0499878,FB,NYSE
1/27/2021,35346200,272.1400146,FB,NYSE
1/28/2021,37758800,265,FB,NYSE
1/29/2021,30389500,258.3299866,FB,NYSE
2/1/2021,22914300,262.0100098,FB,NYSE
2/2/2021,17320800,267.0799866,FB,NYSE
2/3/2021,14223400,266.6499939,FB,NYSE
2/4/2021,16060000,266.4899902,FB,NYSE
2/5/2021,12441700,268.1000061,FB,NYSE
2/8/2021,13755200,266.5799866,FB,NYSE
2/9/2021,14613400,269.4500122,FB,NYSE
2/10/2021,14687200,271.8699951,FB,NYSE
2/11/2021,12801300,270.3900146,FB,NYSE
2/12/2021,9069100,270.5,FB,NYSE
2/16/2021,15417200,273.9700012,FB,NYSE
2/17/2021,12763200,273.5700073,FB,NYSE
2/18/2021,15249100,269.3900146,FB,NYSE
2/19/2021,25622600,261.5599976,FB,NYSE
2/22/2021,17434900,260.3299866,FB,NYSE
2/23/2021,21924600,265.8599854,FB,NYSE
2/24/2021,15736100,264.3099976,FB,NYSE
2/25/2021,19053100,254.6900024,FB,NYSE
2/26/2021,26593900,257.6199951,FB,NYSE
3/1/2021,22117000,264.9100037,FB,NYSE
3/2/2021,15151900,259,FB,NYSE
3/3/2021,15476700,255.4100037,FB,NYSE
3/4/2021,31570100,257.6400146,FB,NYSE
3/5/2021,26808100,264.2799988,FB,NYSE
3/8/2021,18372700,255.3099976,FB,NYSE
3/9/2021,22018400,265.7399902,FB,NYSE
3/10/2021,14197500,264.8999939,FB,NYSE
3/11/2021,21816600,273.8800049,FB,NYSE
3/12/2021,20590000,268.3999939,FB,NYSE
3/15/2021,16844800,273.75,FB,NYSE
3/16/2021,22178700,279.2799988,FB,NYSE
3/17/2021,21073900,284.0100098,FB,NYSE
3/18/2021,18728300,278.6199951,FB,NYSE
3/19/2021,38905100,290.1099854,FB,NYSE
3/22/2021,28273100,293.5400085,FB,NYSE
3/23/2021,23000900,290.6300049,FB,NYSE
3/24/2021,18651500,282.1400146,FB,NYSE
3/25/2021,14189619,281.4072876,FB,NYSE
1/2/2020,2518200,28868.80078,^DJI,NYSE
1/3/2020,2395900,28634.88086,^DJI,NYSE
1/6/2020,2527600,28703.38086,^DJI,NYSE
1/7/2020,2589000,28583.67969,^DJI,NYSE
1/8/2020,2917500,28745.08984,^DJI,NYSE
1/9/2020,2750600,28956.90039,^DJI,NYSE
1/10/2020,2378300,28823.76953,^DJI,NYSE
1/13/2020,2498300,28907.05078,^DJI,NYSE
1/14/2020,2874400,28939.66992,^DJI,NYSE
1/15/2020,2602700,29030.2207,^DJI,NYSE
1/16/2020,2521100,29297.64063,^DJI,NYSE
1/17/2020,3218200,29348.09961,^DJI,NYSE
1/21/2020,3206400,29196.03906,^DJI,NYSE
1/22/2020,2834400,29186.26953,^DJI,NYSE
1/23/2020,3070600,29160.08984,^DJI,NYSE
1/24/2020,3800100,28989.73047,^DJI,NYSE
1/27/2020,3372700,28535.80078,^DJI,NYSE
1/28/2020,3301400,28722.84961,^DJI,NYSE
1/29/2020,3022900,28734.44922,^DJI,NYSE
1/30/2020,3268500,28859.43945,^DJI,NYSE
1/31/2020,4038900,28256.0293,^DJI,NYSE
2/3/2020,3079100,28399.81055,^DJI,NYSE
2/4/2020,3327500,28807.63086,^DJI,NYSE
2/5/2020,3575400,29290.84961,^DJI,NYSE
2/6/2020,2637000,29379.76953,^DJI,NYSE
2/7/2020,2528600,29102.50977,^DJI,NYSE
2/10/2020,2505100,29276.82031,^DJI,NYSE
2/11/2020,2795400,29276.33984,^DJI,NYSE
2/12/2020,3095300,29551.41992,^DJI,NYSE
2/13/2020,2911500,29423.31055,^DJI,NYSE
2/14/2020,2310000,29398.08008,^DJI,NYSE
2/18/2020,2566000,29232.18945,^DJI,NYSE
2/19/2020,2406400,29348.0293,^DJI,NYSE
2/20/2020,2877800,29219.98047,^DJI,NYSE
2/21/2020,3112100,28992.41016,^DJI,NYSE
2/24/2020,4525800,27960.80078,^DJI,NYSE
2/25/2020,5132700,27081.35938,^DJI,NYSE
2/26/2020,4724500,26957.58984,^DJI,NYSE
2/27/2020,6649800,25766.64063,^DJI,NYSE
2/28/2020,9159900,25409.35938,^DJI,NYSE
3/2/2020,6372000,26703.32031,^DJI,NYSE
3/3/2020,6470800,25917.41016,^DJI,NYSE
3/4/2020,4575900,27090.85938,^DJI,NYSE
3/5/2020,4773700,26121.2793,^DJI,NYSE
3/6/2020,5997800,25864.7793,^DJI,NYSE
3/9/2020,7504300,23851.01953,^DJI,NYSE
3/10/2020,6548600,25018.16016,^DJI,NYSE
3/11/2020,6639600,23553.2207,^DJI,NYSE
3/12/2020,9082600,21200.61914,^DJI,NYSE
3/13/2020,8430800,23185.61914,^DJI,NYSE
3/16/2020,7701300,20188.51953,^DJI,NYSE
3/17/2020,7930600,21237.38086,^DJI,NYSE
3/18/2020,8713600,19898.91992,^DJI,NYSE
3/19/2020,7803000,20087.18945,^DJI,NYSE
3/20/2020,8722900,19173.98047,^DJI,NYSE
3/23/2020,7879700,18591.92969,^DJI,NYSE
3/24/2020,7993400,20704.91016,^DJI,NYSE
3/25/2020,7963200,21200.55078,^DJI,NYSE
3/26/2020,7051800,22552.16992,^DJI,NYSE
3/27/2020,5888300,21636.7793,^DJI,NYSE
3/30/2020,5455400,22327.48047,^DJI,NYSE
3/31/2020,5712100,21917.16016,^DJI,NYSE
4/1/2020,5066800,20943.50977,^DJI,NYSE
4/2/2020,5295400,21413.43945,^DJI,NYSE
4/3/2020,4500100,21052.5293,^DJI,NYSE
4/6/2020,6107600,22679.99023,^DJI,NYSE
4/7/2020,5946600,22653.85938,^DJI,NYSE
4/8/2020,4727400,23433.57031,^DJI,NYSE
4/9/2020,5664000,23719.36914,^DJI,NYSE
4/13/2020,3943200,23390.76953,^DJI,NYSE
4/14/2020,4859100,23949.75977,^DJI,NYSE
4/15/2020,4376300,23504.34961,^DJI,NYSE
4/16/2020,4710500,23537.67969,^DJI,NYSE
4/17/2020,5259500,24242.49023,^DJI,NYSE
4/20/2020,4234100,23650.43945,^DJI,NYSE
4/21/2020,4851400,23018.88086,^DJI,NYSE
4/22/2020,3528800,23475.82031,^DJI,NYSE
4/23/2020,3892900,23515.25977,^DJI,NYSE
4/24/2020,3760200,23775.26953,^DJI,NYSE
4/27/2020,3893900,24133.7793,^DJI,NYSE
4/28/2020,4002500,24101.55078,^DJI,NYSE
4/29/2020,4552900,24633.85938,^DJI,NYSE
4/30/2020,4878400,24345.7207,^DJI,NYSE
5/1/2020,4181600,23723.68945,^DJI,NYSE
5/4/2020,3553600,23749.75977,^DJI,NYSE
5/5/2020,3697100,23883.08984,^DJI,NYSE
5/6/2020,3774500,23664.64063,^DJI,NYSE
5/7/2020,3698900,23875.89063,^DJI,NYSE
5/8/2020,3357600,24331.32031,^DJI,NYSE
5/11/2020,3524000,24221.99023,^DJI,NYSE
5/12/2020,3594800,23764.7793,^DJI,NYSE
5/13/2020,4699500,23247.9707,^DJI,NYSE
5/14/2020,4727000,23625.33984,^DJI,NYSE
5/15/2020,4915100,23685.41992,^DJI,NYSE
5/18/2020,4841900,24597.36914,^DJI,NYSE
5/19/2020,3741000,24206.85938,^DJI,NYSE
5/20/2020,3665100,24575.90039,^DJI,NYSE
5/21/2020,3467700,24474.11914,^DJI,NYSE
5/22/2020,2556600,24465.16016,^DJI,NYSE
5/26/2020,4243800,24995.10938,^DJI,NYSE
5/27/2020,4112300,25548.26953,^DJI,NYSE
5/28/2020,3778000,25400.64063,^DJI,NYSE
5/29/2020,5276200,25383.10938,^DJI,NYSE
6/1/2020,3383100,25475.01953,^DJI,NYSE
6/2/2020,3526100,25742.65039,^DJI,NYSE
6/3/2020,3987900,26269.89063,^DJI,NYSE
6/4/2020,3721900,26281.82031,^DJI,NYSE
6/5/2020,5423100,27110.98047,^DJI,NYSE
6/8/2020,4302000,27572.43945,^DJI,NYSE
6/9/2020,3814300,27272.30078,^DJI,NYSE
6/10/2020,4489300,26989.99023,^DJI,NYSE
6/11/2020,6477800,25128.16992,^DJI,NYSE
6/12/2020,5144400,25605.53906,^DJI,NYSE
6/15/2020,4612300,25763.16016,^DJI,NYSE
6/16/2020,4895000,26289.98047,^DJI,NYSE
6/17/2020,3288300,26119.60938,^DJI,NYSE
6/18/2020,3283900,26080.09961,^DJI,NYSE
6/19/2020,6693900,25871.46094,^DJI,NYSE
6/22/2020,3517800,26024.96094,^DJI,NYSE
6/23/2020,3899800,26156.09961,^DJI,NYSE
6/24/2020,4501200,25445.93945,^DJI,NYSE
6/25/2020,3845600,25745.59961,^DJI,NYSE
6/26/2020,6408600,25015.55078,^DJI,NYSE
6/29/2020,3780700,25595.80078,^DJI,NYSE
6/30/2020,4107800,25812.88086,^DJI,NYSE
7/1/2020,3731800,25734.9707,^DJI,NYSE
7/2/2020,3491300,25827.35938,^DJI,NYSE
7/6/2020,3406900,26287.0293,^DJI,NYSE
7/7/2020,3468200,25890.17969,^DJI,NYSE
7/8/2020,3373000,26067.2793,^DJI,NYSE
7/9/2020,3876100,25706.08984,^DJI,NYSE
7/10/2020,3381700,26075.30078,^DJI,NYSE
7/13/2020,4253200,26085.80078,^DJI,NYSE
7/14/2020,4016400,26642.58984,^DJI,NYSE
7/15/2020,3849000,26870.09961,^DJI,NYSE
7/16/2020,2873300,26734.71094,^DJI,NYSE
7/17/2020,2964600,26671.94922,^DJI,NYSE
7/20/2020,3093900,26680.86914,^DJI,NYSE
7/21/2020,3649300,26840.40039,^DJI,NYSE
7/22/2020,4043400,27005.83984,^DJI,NYSE
7/23/2020,4198000,26652.33008,^DJI,NYSE
7/24/2020,4941700,26469.89063,^DJI,NYSE
7/27/2020,4009300,26584.76953,^DJI,NYSE
7/28/2020,3610900,26379.2793,^DJI,NYSE
7/29/2020,3475800,26539.57031,^DJI,NYSE
7/30/2020,3515400,26313.65039,^DJI,NYSE
7/31/2020,4880500,26428.32031,^DJI,NYSE
8/3/2020,4393800,26664.40039,^DJI,NYSE
8/4/2020,3463500,26828.4707,^DJI,NYSE
8/5/2020,3660000,27201.51953,^DJI,NYSE
8/6/2020,3224600,27386.98047,^DJI,NYSE
8/7/2020,3211700,27433.48047,^DJI,NYSE
8/10/2020,3603400,27791.43945,^DJI,NYSE
8/11/2020,4282200,27686.91016,^DJI,NYSE
8/12/2020,3402100,27976.83984,^DJI,NYSE
8/13/2020,3601600,27896.7207,^DJI,NYSE
8/14/2020,2755400,27931.01953,^DJI,NYSE
8/17/2020,2868600,27844.91016,^DJI,NYSE
8/18/2020,2761700,27778.07031,^DJI,NYSE
8/19/2020,3114600,27692.88086,^DJI,NYSE
8/20/2020,3045500,27739.73047,^DJI,NYSE
8/21/2020,3727200,27930.33008,^DJI,NYSE
8/24/2020,3838800,28308.46094,^DJI,NYSE
8/25/2020,3384200,28248.43945,^DJI,NYSE
8/26/2020,3270700,28331.91992,^DJI,NYSE
8/27/2020,4043400,28492.26953,^DJI,NYSE
8/28/2020,3697400,28653.86914,^DJI,NYSE
8/31/2020,5173200,28430.05078,^DJI,NYSE
9/1/2020,4234100,28645.66016,^DJI,NYSE
9/2/2020,5395100,29100.5,^DJI,NYSE
9/3/2020,6500800,28292.73047,^DJI,NYSE
9/4/2020,6946400,28133.31055,^DJI,NYSE
9/8/2020,5808600,27500.89063,^DJI,NYSE
9/9/2020,4605900,27940.4707,^DJI,NYSE
9/10/2020,4428500,27534.58008,^DJI,NYSE
9/11/2020,4353300,27665.64063,^DJI,NYSE
9/14/2020,3807500,27993.33008,^DJI,NYSE
9/15/2020,4145200,27995.59961,^DJI,NYSE
9/16/2020,4166500,28032.38086,^DJI,NYSE
9/17/2020,4372300,27901.98047,^DJI,NYSE
9/18/2020,6987100,27657.41992,^DJI,NYSE
9/21/2020,5236600,27147.69922,^DJI,NYSE
9/22/2020,4207200,27288.17969,^DJI,NYSE
9/23/2020,4594700,26763.13086,^DJI,NYSE
9/24/2020,4478100,26815.43945,^DJI,NYSE
9/25/2020,3889000,27173.96094,^DJI,NYSE
9/28/2020,4018600,27584.06055,^DJI,NYSE
9/29/2020,3038200,27452.66016,^DJI,NYSE
9/30/2020,4525500,27781.69922,^DJI,NYSE
10/1/2020,3734500,27816.90039,^DJI,NYSE
10/2/2020,3927700,27682.81055,^DJI,NYSE
10/5/2020,3182100,28148.64063,^DJI,NYSE
10/6/2020,4350300,27772.75977,^DJI,NYSE
10/7/2020,3287500,28303.46094,^DJI,NYSE
10/8/2020,3147500,28425.50977,^DJI,NYSE
10/9/2020,3240500,28586.90039,^DJI,NYSE
10/12/2020,4936800,28837.51953,^DJI,NYSE
10/13/2020,5261100,28679.81055,^DJI,NYSE
10/14/2020,3708000,28514,^DJI,NYSE
10/15/2020,3289400,28494.19922,^DJI,NYSE
10/16/2020,3561400,28606.31055,^DJI,NYSE
10/19/2020,3587000,28195.41992,^DJI,NYSE
10/20/2020,3502200,28308.78906,^DJI,NYSE
10/21/2020,2994200,28210.82031,^DJI,NYSE
10/22/2020,3303200,28363.66016,^DJI,NYSE
10/23/2020,3473000,28335.57031,^DJI,NYSE
10/26/2020,4041500,27685.38086,^DJI,NYSE
10/27/2020,3664000,27463.18945,^DJI,NYSE
10/28/2020,4961500,26519.94922,^DJI,NYSE
10/29/2020,4197700,26659.10938,^DJI,NYSE
10/30/2020,5048200,26501.59961,^DJI,NYSE
11/2/2020,3799900,26925.05078,^DJI,NYSE
11/3/2020,3509800,27480.0293,^DJI,NYSE
11/4/2020,4478600,27847.66016,^DJI,NYSE
11/5/2020,3901400,28390.17969,^DJI,NYSE
11/6/2020,3267100,28323.40039,^DJI,NYSE
11/9/2020,6733100,29157.9707,^DJI,NYSE
11/10/2020,5269800,29420.91992,^DJI,NYSE
11/11/2020,3767000,29397.63086,^DJI,NYSE
11/12/2020,3693200,29080.16992,^DJI,NYSE
11/13/2020,3488100,29479.81055,^DJI,NYSE
11/16/2020,4182900,29950.43945,^DJI,NYSE
11/17/2020,3723800,29783.34961,^DJI,NYSE
11/18/2020,3828500,29438.41992,^DJI,NYSE
11/19/2020,3313300,29483.23047,^DJI,NYSE
11/20/2020,3053500,29263.48047,^DJI,NYSE
11/23/2020,3872000,29591.26953,^DJI,NYSE
11/24/2020,4327600,30046.24023,^DJI,NYSE
11/25/2020,3230300,29872.4707,^DJI,NYSE
11/27/2020,1770400,29910.36914,^DJI,NYSE
11/30/2020,5513500,29638.64063,^DJI,NYSE
12/1/2020,4295100,29823.91992,^DJI,NYSE
12/2/2020,3852800,29883.78906,^DJI,NYSE
12/3/2020,4056800,29969.51953,^DJI,NYSE
12/4/2020,3565900,30218.25977,^DJI,NYSE
12/7/2020,3658100,30069.78906,^DJI,NYSE
12/8/2020,3111900,30173.88086,^DJI,NYSE
12/9/2020,3805200,30068.81055,^DJI,NYSE
12/10/2020,3255500,29999.25977,^DJI,NYSE
12/11/2020,3938700,30046.36914,^DJI,NYSE
12/14/2020,3719800,29861.55078,^DJI,NYSE
12/15/2020,4177700,30199.31055,^DJI,NYSE
12/16/2020,3445900,30154.53906,^DJI,NYSE
12/17/2020,3455300,30303.36914,^DJI,NYSE
12/18/2020,7820700,30179.05078,^DJI,NYSE
12/21/2020,4374800,30216.44922,^DJI,NYSE
12/22/2020,3888100,30015.50977,^DJI,NYSE
12/23/2020,2740500,30129.83008,^DJI,NYSE
12/24/2020,1455700,30199.86914,^DJI,NYSE
12/28/2020,3024900,30403.9707,^DJI,NYSE
12/29/2020,3576100,30335.66992,^DJI,NYSE
12/30/2020,2918900,30409.56055,^DJI,NYSE
12/31/2020,2844700,30606.48047,^DJI,NYSE
1/4/2021,4750800,30223.89063,^DJI,NYSE
1/5/2021,3509100,30391.59961,^DJI,NYSE
1/6/2021,5004300,30829.40039,^DJI,NYSE
1/7/2021,4278100,31041.13086,^DJI,NYSE
1/8/2021,3811500,31097.9707,^DJI,NYSE
1/11/2021,3565400,31008.68945,^DJI,NYSE
1/12/2021,3626200,31068.68945,^DJI,NYSE
1/13/2021,4132500,31060.4707,^DJI,NYSE
1/14/2021,4278100,30991.51953,^DJI,NYSE
1/15/2021,4330000,30814.25977,^DJI,NYSE
1/19/2021,3864000,30930.51953,^DJI,NYSE
1/20/2021,3849800,31188.38086,^DJI,NYSE
1/21/2021,4187800,31176.00977,^DJI,NYSE
1/22/2021,4360400,30996.98047,^DJI,NYSE
1/25/2021,4728900,30960,^DJI,NYSE
1/26/2021,3731500,30937.03906,^DJI,NYSE
1/27/2021,5664700,30303.16992,^DJI,NYSE
1/28/2021,4651400,30603.35938,^DJI,NYSE
1/29/2021,5363200,29982.61914,^DJI,NYSE
2/1/2021,3470600,30211.91016,^DJI,NYSE
2/2/2021,3331600,30687.48047,^DJI,NYSE
2/3/2021,3055900,30723.59961,^DJI,NYSE
2/4/2021,3383300,31055.85938,^DJI,NYSE
2/5/2021,2935500,31148.24023,^DJI,NYSE
2/8/2021,3222500,31385.75977,^DJI,NYSE
2/9/2021,3082100,31375.83008,^DJI,NYSE
2/10/2021,3264500,31437.80078,^DJI,NYSE
2/11/2021,2803200,31430.69922,^DJI,NYSE
2/12/2021,2630900,31458.40039,^DJI,NYSE
2/16/2021,3292100,31522.75,^DJI,NYSE
2/17/2021,3435100,31613.01953,^DJI,NYSE
2/18/2021,3259900,31493.33984,^DJI,NYSE
2/19/2021,3530700,31494.32031,^DJI,NYSE
2/22/2021,3872100,31521.68945,^DJI,NYSE
2/23/2021,4604100,31537.34961,^DJI,NYSE
2/24/2021,4101500,31961.85938,^DJI,NYSE
2/25/2021,4541100,31402.00977,^DJI,NYSE
2/26/2021,5322500,30932.36914,^DJI,NYSE
3/1/2021,3856700,31535.50977,^DJI,NYSE
3/2/2021,3372700,31391.51953,^DJI,NYSE
3/3/2021,4096600,31270.08984,^DJI,NYSE
3/4/2021,5378500,30924.14063,^DJI,NYSE
3/5/2021,5018100,31496.30078,^DJI,NYSE
3/8/2021,4969800,31802.43945,^DJI,NYSE
3/9/2021,4586900,31832.74023,^DJI,NYSE
3/10/2021,4091100,32297.01953,^DJI,NYSE
3/11/2021,4000200,32485.58984,^DJI,NYSE
3/12/2021,3464000,32778.64063,^DJI,NYSE
3/15/2021,3600800,32953.46094,^DJI,NYSE
3/16/2021,3863700,32825.94922,^DJI,NYSE
3/17/2021,3912000,33015.37109,^DJI,NYSE
3/18/2021,4184800,32862.30078,^DJI,NYSE
3/19/2021,8118900,32627.9707,^DJI,NYSE
3/22/2021,3835000,32731.19922,^DJI,NYSE
3/23/2021,3858400,32423.15039,^DJI,NYSE
3/24/2021,3993900,32420.06055,^DJI,NYSE
3/25/2021,237415689,32503.5,^DJI,NYSE
1/2/2020,47660500,86.05200195,TSLA,NYSE
1/3/2020,88892500,88.60199738,TSLA,NYSE
1/6/2020,50665000,90.30799866,TSLA,NYSE
1/7/2020,89410500,93.81199646,TSLA,NYSE
1/8/2020,155721500,98.4280014,TSLA,NYSE
1/9/2020,142202000,96.26799774,TSLA,NYSE
1/10/2020,64797500,95.62999725,TSLA,NYSE
1/13/2020,132588000,104.9720001,TSLA,NYSE
1/14/2020,144981000,107.5839996,TSLA,NYSE
1/15/2020,86844000,103.6999969,TSLA,NYSE
1/16/2020,108683500,102.697998,TSLA,NYSE
1/17/2020,68145500,102.0999985,TSLA,NYSE
1/21/2020,89017500,109.4400024,TSLA,NYSE
1/22/2020,156845000,113.9120026,TSLA,NYSE
1/23/2020,98255000,114.4400024,TSLA,NYSE
1/24/2020,71768000,112.9639969,TSLA,NYSE
1/27/2020,68040500,111.6039963,TSLA,NYSE
1/28/2020,58942500,113.3799973,TSLA,NYSE
1/29/2020,89007500,116.197998,TSLA,NYSE
1/30/2020,145028500,128.1620026,TSLA,NYSE
1/31/2020,78596500,130.1139984,TSLA,NYSE
2/3/2020,235325000,156,TSLA,NYSE
2/4/2020,304694000,177.4120026,TSLA,NYSE
2/5/2020,242119000,146.9400024,TSLA,NYSE
2/6/2020,199404000,149.7920074,TSLA,NYSE
2/7/2020,85317500,149.6139984,TSLA,NYSE
2/10/2020,123446000,154.2559967,TSLA,NYSE
2/11/2020,58487500,154.8760071,TSLA,NYSE
2/12/2020,60112500,153.4579926,TSLA,NYSE
2/13/2020,131446500,160.8000031,TSLA,NYSE
2/14/2020,78468500,160.0059967,TSLA,NYSE
2/18/2020,81908500,171.6799927,TSLA,NYSE
2/19/2020,127115000,183.4839935,TSLA,NYSE
2/20/2020,88174500,179.8820038,TSLA,NYSE
2/21/2020,71574000,180.1999969,TSLA,NYSE
2/24/2020,75961000,166.7579956,TSLA,NYSE
2/25/2020,86452500,159.9819946,TSLA,NYSE
2/26/2020,70427500,155.7599945,TSLA,NYSE
2/27/2020,121386000,135.8000031,TSLA,NYSE
2/28/2020,121114500,133.5980072,TSLA,NYSE
3/2/2020,100975000,148.723999,TSLA,NYSE
3/3/2020,128920000,149.102005,TSLA,NYSE
3/4/2020,75245000,149.8999939,TSLA,NYSE
3/5/2020,54263500,144.9080048,TSLA,NYSE
3/6/2020,63314500,140.6959991,TSLA,NYSE
3/9/2020,85368500,121.5999985,TSLA,NYSE
3/10/2020,77972000,129.0659943,TSLA,NYSE
3/11/2020,66612500,126.8460007,TSLA,NYSE
3/12/2020,94545500,112.1100006,TSLA,NYSE
3/13/2020,113201500,109.3239975,TSLA,NYSE
3/16/2020,102447500,89.01399994,TSLA,NYSE
3/17/2020,119973000,86.04000092,TSLA,NYSE
3/18/2020,118931000,72.2440033,TSLA,NYSE
3/19/2020,150977500,85.52799988,TSLA,NYSE
3/20/2020,141427500,85.5059967,TSLA,NYSE
3/23/2020,82272500,86.85800171,TSLA,NYSE
3/24/2020,114476000,101,TSLA,NYSE
3/25/2020,106113500,107.8499985,TSLA,NYSE
3/26/2020,86903500,105.6320038,TSLA,NYSE
3/27/2020,71887000,102.8720016,TSLA,NYSE
3/30/2020,59990500,100.4260025,TSLA,NYSE
3/31/2020,88857500,104.8000031,TSLA,NYSE
4/1/2020,66766000,96.31199646,TSLA,NYSE
4/2/2020,99292000,90.89399719,TSLA,NYSE
4/3/2020,112810500,96.0019989,TSLA,NYSE
4/6/2020,74509000,103.2480011,TSLA,NYSE
4/7/2020,89599000,109.0899963,TSLA,NYSE
4/8/2020,63280000,109.7679977,TSLA,NYSE
4/9/2020,68250000,114.5999985,TSLA,NYSE
4/13/2020,112377000,130.1900024,TSLA,NYSE
4/14/2020,152882500,141.9779968,TSLA,NYSE
4/15/2020,117885000,145.9660034,TSLA,NYSE
4/16/2020,103289500,149.0420074,TSLA,NYSE
4/17/2020,65641000,150.7779999,TSLA,NYSE
4/20/2020,73733000,149.2720032,TSLA,NYSE
4/21/2020,101045500,137.3439941,TSLA,NYSE
4/22/2020,70827500,146.4219971,TSLA,NYSE
4/23/2020,66183500,141.1260071,TSLA,NYSE
4/24/2020,66060000,145.0299988,TSLA,NYSE
4/27/2020,103407000,159.75,TSLA,NYSE
4/28/2020,76110000,153.8240051,TSLA,NYSE
4/29/2020,81080000,160.102005,TSLA,NYSE
4/30/2020,142359500,156.3760071,TSLA,NYSE
5/1/2020,162659000,140.2640076,TSLA,NYSE
5/4/2020,96185500,152.2380066,TSLA,NYSE
5/5/2020,84958500,153.6419983,TSLA,NYSE
5/6/2020,55616000,156.5160065,TSLA,NYSE
5/7/2020,57638500,156.0079956,TSLA,NYSE
5/8/2020,80432500,163.8840027,TSLA,NYSE
5/11/2020,82598000,162.2579956,TSLA,NYSE
5/12/2020,79534500,161.8820038,TSLA,NYSE
5/13/2020,95327500,158.1920013,TSLA,NYSE
5/14/2020,68411000,160.6660004,TSLA,NYSE
5/15/2020,52592000,159.8339996,TSLA,NYSE
5/18/2020,58329000,162.7259979,TSLA,NYSE
5/19/2020,48182500,161.602005,TSLA,NYSE
5/20/2020,36546500,163.1119995,TSLA,NYSE
5/21/2020,61273000,165.5200043,TSLA,NYSE
5/22/2020,49937500,163.3760071,TSLA,NYSE
5/26/2020,40448500,163.7740021,TSLA,NYSE
5/27/2020,57747500,164.0460052,TSLA,NYSE
5/28/2020,36278000,161.1620026,TSLA,NYSE
5/29/2020,58822500,167,TSLA,NYSE
6/1/2020,74697500,179.6199951,TSLA,NYSE
6/2/2020,67828000,176.3119965,TSLA,NYSE
6/3/2020,39747500,176.5919952,TSLA,NYSE
6/4/2020,44438500,172.8760071,TSLA,NYSE
6/5/2020,39059500,177.1320038,TSLA,NYSE
6/8/2020,70873500,189.9839935,TSLA,NYSE
6/9/2020,56941000,188.1340027,TSLA,NYSE
6/10/2020,92817000,205.0099945,TSLA,NYSE
6/11/2020,79582500,194.5679932,TSLA,NYSE
6/12/2020,83817000,187.0559998,TSLA,NYSE
6/15/2020,78486000,198.1799927,TSLA,NYSE
6/16/2020,70255500,196.4259949,TSLA,NYSE
6/17/2020,49454000,198.3580017,TSLA,NYSE
6/18/2020,48759500,200.7920074,TSLA,NYSE
6/19/2020,43398500,200.1799927,TSLA,NYSE
6/22/2020,31812000,198.8639984,TSLA,NYSE
6/23/2020,31826500,200.3560028,TSLA,NYSE
6/24/2020,54798000,192.1699982,TSLA,NYSE
6/25/2020,46272500,197.1959991,TSLA,NYSE
6/26/2020,44274500,191.947998,TSLA,NYSE
6/29/2020,45132000,201.8699951,TSLA,NYSE
6/30/2020,84592500,215.9620056,TSLA,NYSE
7/1/2020,66634500,223.9259949,TSLA,NYSE
7/2/2020,86250500,241.7319946,TSLA,NYSE
7/6/2020,102849500,274.3160095,TSLA,NYSE
7/7/2020,107448500,277.9719849,TSLA,NYSE
7/8/2020,81556500,273.1759949,TSLA,NYSE
7/9/2020,58588000,278.8559875,TSLA,NYSE
7/10/2020,116688000,308.9299927,TSLA,NYSE
7/13/2020,194927000,299.4119873,TSLA,NYSE
7/14/2020,117090500,303.3599854,TSLA,NYSE
7/15/2020,81839000,309.2019958,TSLA,NYSE
7/16/2020,71504000,300.1279907,TSLA,NYSE
7/17/2020,46650000,300.1679993,TSLA,NYSE
7/20/2020,85607000,328.6000061,TSLA,NYSE
7/21/2020,80536000,313.6719971,TSLA,NYSE
7/22/2020,70805500,318.4660034,TSLA,NYSE
7/23/2020,121642500,302.6140137,TSLA,NYSE
7/24/2020,96983000,283.3999939,TSLA,NYSE
7/27/2020,80243500,307.9200134,TSLA,NYSE
7/28/2020,79043500,295.2980042,TSLA,NYSE
7/29/2020,47134500,299.821991,TSLA,NYSE
7/30/2020,38105000,297.4979858,TSLA,NYSE
7/31/2020,61041000,286.1520081,TSLA,NYSE
8/3/2020,44046500,297,TSLA,NYSE
8/4/2020,42075000,297.3999939,TSLA,NYSE
8/5/2020,24739000,297.0039978,TSLA,NYSE
8/6/2020,29961500,297.9159851,TSLA,NYSE
8/7/2020,44482000,290.5419922,TSLA,NYSE
8/10/2020,37611500,283.7139893,TSLA,NYSE
8/11/2020,43129000,274.8779907,TSLA,NYSE
8/12/2020,109147000,310.9519958,TSLA,NYSE
8/13/2020,102126500,324.2000122,TSLA,NYSE
8/14/2020,62888000,330.1419983,TSLA,NYSE
8/17/2020,101211500,367.1279907,TSLA,NYSE
8/18/2020,82372500,377.4179993,TSLA,NYSE
8/19/2020,61026500,375.7059937,TSLA,NYSE
8/20/2020,103059000,400.3659973,TSLA,NYSE
8/21/2020,107448000,409.9960022,TSLA,NYSE
8/24/2020,100318000,402.8399963,TSLA,NYSE
8/25/2020,53294500,404.6679993,TSLA,NYSE
8/26/2020,71197000,430.6340027,TSLA,NYSE
8/27/2020,118465000,447.75,TSLA,NYSE
8/28/2020,100406000,442.6799927,TSLA,NYSE
8/31/2020,118374400,498.3200073,TSLA,NYSE
9/1/2020,89841100,475.0499878,TSLA,NYSE
9/2/2020,96176100,447.3699951,TSLA,NYSE
9/3/2020,87596100,407,TSLA,NYSE
9/4/2020,110321900,418.3200073,TSLA,NYSE
9/8/2020,115465700,330.2099915,TSLA,NYSE
9/9/2020,79465800,366.2799988,TSLA,NYSE
9/10/2020,84930600,371.3399963,TSLA,NYSE
9/11/2020,60717500,372.7200012,TSLA,NYSE
9/14/2020,83020600,419.6199951,TSLA,NYSE
9/15/2020,97298200,449.7600098,TSLA,NYSE
9/16/2020,72279300,441.7600098,TSLA,NYSE
9/17/2020,76779200,423.4299927,TSLA,NYSE
9/18/2020,86406800,442.1499939,TSLA,NYSE
9/21/2020,109476800,449.3900146,TSLA,NYSE
9/22/2020,79580800,424.230011,TSLA,NYSE
9/23/2020,95074200,380.3599854,TSLA,NYSE
9/24/2020,96561100,387.7900085,TSLA,NYSE
9/25/2020,67208500,407.3399963,TSLA,NYSE
9/28/2020,49719600,421.2000122,TSLA,NYSE
9/29/2020,50219300,419.0700073,TSLA,NYSE
9/30/2020,48145600,429.0100098,TSLA,NYSE
10/1/2020,50741500,448.1600037,TSLA,NYSE
10/2/2020,71430000,415.0899963,TSLA,NYSE
10/5/2020,44722800,425.6799927,TSLA,NYSE
10/6/2020,49146300,413.980011,TSLA,NYSE
10/7/2020,43127700,425.2999878,TSLA,NYSE
10/8/2020,40421100,425.9200134,TSLA,NYSE
10/9/2020,28925700,434,TSLA,NYSE
10/12/2020,38791100,442.2999878,TSLA,NYSE
10/13/2020,34463700,446.6499939,TSLA,NYSE
10/14/2020,47879700,461.2999878,TSLA,NYSE
10/15/2020,35672400,448.8800049,TSLA,NYSE
10/16/2020,32775900,439.6700134,TSLA,NYSE
10/19/2020,36287800,430.8299866,TSLA,NYSE
10/20/2020,31656300,421.9400024,TSLA,NYSE
10/21/2020,32370500,422.6400146,TSLA,NYSE
10/22/2020,39993200,425.7900085,TSLA,NYSE
10/23/2020,33717000,420.6300049,TSLA,NYSE
10/26/2020,28239200,420.2799988,TSLA,NYSE
10/27/2020,22686500,424.6799927,TSLA,NYSE
10/28/2020,25451400,406.019989,TSLA,NYSE
10/29/2020,22655300,410.8299866,TSLA,NYSE
10/30/2020,42511300,388.0400085,TSLA,NYSE
11/2/2020,29021100,400.5100098,TSLA,NYSE
11/3/2020,34351700,423.8999939,TSLA,NYSE
11/4/2020,32143100,420.980011,TSLA,NYSE
11/5/2020,28414500,438.0899963,TSLA,NYSE
11/6/2020,21706000,429.9500122,TSLA,NYSE
11/9/2020,34833000,421.2600098,TSLA,NYSE
11/10/2020,30284200,410.3599854,TSLA,NYSE
11/11/2020,17357700,417.1300049,TSLA,NYSE
11/12/2020,19855100,411.7600098,TSLA,NYSE
11/13/2020,19771100,408.5,TSLA,NYSE
11/16/2020,26838600,408.0899963,TSLA,NYSE
11/17/2020,61188300,441.6099854,TSLA,NYSE
11/18/2020,78044000,486.6400146,TSLA,NYSE
11/19/2020,62475300,499.269989,TSLA,NYSE
11/20/2020,32911900,489.6099854,TSLA,NYSE
11/23/2020,50260300,521.8499756,TSLA,NYSE
11/24/2020,53648500,555.3800049,TSLA,NYSE
11/25/2020,48930200,574,TSLA,NYSE
11/27/2020,37561100,585.7600098,TSLA,NYSE
11/30/2020,63003100,567.5999756,TSLA,NYSE
12/1/2020,40103500,584.7600098,TSLA,NYSE
12/2/2020,47775700,568.8200073,TSLA,NYSE
12/3/2020,42552000,593.3800049,TSLA,NYSE
12/4/2020,29401300,599.039978,TSLA,NYSE
12/7/2020,56309700,641.7600098,TSLA,NYSE
12/8/2020,64265000,649.8800049,TSLA,NYSE
12/9/2020,71291200,604.4799805,TSLA,NYSE
12/10/2020,67083200,627.0700073,TSLA,NYSE
12/11/2020,46475000,609.9899902,TSLA,NYSE
12/14/2020,52040600,639.8300171,TSLA,NYSE
12/15/2020,45071500,633.25,TSLA,NYSE
12/16/2020,42095800,622.7700195,TSLA,NYSE
12/17/2020,56270100,655.9000244,TSLA,NYSE
12/18/2020,222126200,695,TSLA,NYSE
12/21/2020,58045300,649.8599854,TSLA,NYSE
12/22/2020,51716000,640.3400269,TSLA,NYSE
12/23/2020,33173000,645.9799805,TSLA,NYSE
12/24/2020,22865600,661.7700195,TSLA,NYSE
12/28/2020,32278600,663.6900024,TSLA,NYSE
12/29/2020,22910800,665.9899902,TSLA,NYSE
12/30/2020,42846000,694.7800293,TSLA,NYSE
12/31/2020,49649900,705.6699829,TSLA,NYSE
1/4/2021,48638200,729.7700195,TSLA,NYSE
1/5/2021,32245200,735.1099854,TSLA,NYSE
1/6/2021,44700000,755.9799805,TSLA,NYSE
1/7/2021,51498900,816.039978,TSLA,NYSE
1/8/2021,75055500,880.0200195,TSLA,NYSE
1/11/2021,59301600,811.1900024,TSLA,NYSE
1/12/2021,46270700,849.4400024,TSLA,NYSE
1/13/2021,33312500,854.4099731,TSLA,NYSE
1/14/2021,31266300,845,TSLA,NYSE
1/15/2021,38777600,826.1599731,TSLA,NYSE
1/19/2021,25367000,844.5499878,TSLA,NYSE
1/20/2021,25665900,850.4500122,TSLA,NYSE
1/21/2021,20521100,844.9899902,TSLA,NYSE
1/22/2021,20066500,846.6400146,TSLA,NYSE
1/25/2021,41173400,880.7999878,TSLA,NYSE
1/26/2021,23131600,883.0900269,TSLA,NYSE
1/27/2021,27334000,864.1599731,TSLA,NYSE
1/28/2021,26378000,835.4299927,TSLA,NYSE
1/29/2021,34990800,793.5300293,TSLA,NYSE
2/1/2021,25391400,839.8099976,TSLA,NYSE
2/2/2021,24346200,872.789978,TSLA,NYSE
2/3/2021,18343500,854.6900024,TSLA,NYSE
2/4/2021,15812700,849.9899902,TSLA,NYSE
2/5/2021,18566600,852.2299805,TSLA,NYSE
2/8/2021,20161700,863.4199829,TSLA,NYSE
2/9/2021,15157700,849.460022,TSLA,NYSE
2/10/2021,36216100,804.8200073,TSLA,NYSE
2/11/2021,21622800,811.6599731,TSLA,NYSE
2/12/2021,23768300,816.1199951,TSLA,NYSE
2/16/2021,19802300,796.2199707,TSLA,NYSE
2/17/2021,25996500,798.1500244,TSLA,NYSE
2/18/2021,17957100,787.3800049,TSLA,NYSE
2/19/2021,18958300,781.2999878,TSLA,NYSE
2/22/2021,37269700,714.5,TSLA,NYSE
2/23/2021,66606900,698.8400269,TSLA,NYSE
2/24/2021,36767000,742.0200195,TSLA,NYSE
2/25/2021,39023900,682.2199707,TSLA,NYSE
2/26/2021,41089200,675.5,TSLA,NYSE
3/1/2021,27136200,718.4299927,TSLA,NYSE
3/2/2021,23732200,686.4400024,TSLA,NYSE
3/3/2021,30208000,653.2000122,TSLA,NYSE
3/4/2021,65919500,621.4400024,TSLA,NYSE
3/5/2021,89396500,597.9500122,TSLA,NYSE
3/8/2021,51787000,563,TSLA,NYSE
3/9/2021,67523300,673.5800171,TSLA,NYSE
3/10/2021,60605700,668.0599976,TSLA,NYSE
3/11/2021,36253900,699.5999756,TSLA,NYSE
3/12/2021,33583800,693.7299805,TSLA,NYSE
3/15/2021,29335600,707.9400024,TSLA,NYSE
3/16/2021,31903400,676.8800049,TSLA,NYSE
3/17/2021,40083300,701.8099976,TSLA,NYSE
3/18/2021,33224800,653.1599731,TSLA,NYSE
3/19/2021,42827400,654.8699951,TSLA,NYSE
3/22/2021,39512200,670,TSLA,NYSE
3/23/2021,30491900,662.1599731,TSLA,NYSE
3/24/2021,33684600,630.2700195,TSLA,NYSE
3/25/2021,27877553,634.0999756,TSLA,NYSE
1/2/2020,4453600,6.309999943,GME,NYSE
1/3/2020,3543900,5.880000114,GME,NYSE
1/6/2020,3394800,5.849999905,GME,NYSE
1/7/2020,5228000,5.519999981,GME,NYSE
1/8/2020,5629400,5.71999979,GME,NYSE
1/9/2020,2643000,5.550000191,GME,NYSE
1/10/2020,2781400,5.429999828,GME,NYSE
1/13/2020,3625200,5.429999828,GME,NYSE
1/14/2020,12561900,4.710000038,GME,NYSE
1/15/2020,4981100,4.610000134,GME,NYSE
1/16/2020,4287100,4.619999886,GME,NYSE
1/17/2020,4019500,4.75,GME,NYSE
1/21/2020,3532100,4.590000153,GME,NYSE
1/22/2020,2627500,4.559999943,GME,NYSE
1/23/2020,1880200,4.619999886,GME,NYSE
1/24/2020,4163600,4.320000172,GME,NYSE
1/27/2020,2122500,4.28000021,GME,NYSE
1/28/2020,2144900,4.210000038,GME,NYSE
1/29/2020,1552600,4.130000114,GME,NYSE
1/30/2020,3006500,3.930000067,GME,NYSE
1/31/2020,2891700,3.839999914,GME,NYSE
2/3/2020,2026200,3.950000048,GME,NYSE
2/4/2020,3563100,4.070000172,GME,NYSE
2/5/2020,2641700,4.179999828,GME,NYSE
2/6/2020,1510300,4.139999866,GME,NYSE
2/7/2020,2742300,3.809999943,GME,NYSE
2/10/2020,2777000,3.940000057,GME,NYSE
2/11/2020,3415000,4.019999981,GME,NYSE
2/12/2020,4820600,4.190000057,GME,NYSE
2/13/2020,2081700,4.110000134,GME,NYSE
2/14/2020,1582700,4.019999981,GME,NYSE
2/18/2020,1467600,4.059999943,GME,NYSE
2/19/2020,2593100,4.150000095,GME,NYSE
2/20/2020,1562300,4.139999866,GME,NYSE
2/21/2020,1695700,4.039999962,GME,NYSE
2/24/2020,3566300,3.700000048,GME,NYSE
2/25/2020,4447900,3.559999943,GME,NYSE
2/26/2020,4724800,3.390000105,GME,NYSE
2/27/2020,3879500,3.470000029,GME,NYSE
2/28/2020,4692200,3.599999905,GME,NYSE
3/2/2020,3208400,3.829999924,GME,NYSE
3/3/2020,4282500,3.630000114,GME,NYSE
3/4/2020,4257600,3.769999981,GME,NYSE
3/5/2020,3599400,3.960000038,GME,NYSE
3/6/2020,2096800,3.920000076,GME,NYSE
3/9/2020,2732000,3.700000048,GME,NYSE
3/10/2020,4863200,4.230000019,GME,NYSE
3/11/2020,4414100,4.139999866,GME,NYSE
3/12/2020,5123400,3.980000019,GME,NYSE
3/13/2020,5787200,4.590000153,GME,NYSE
3/16/2020,4866700,4.369999886,GME,NYSE
3/17/2020,3562200,4.230000019,GME,NYSE
3/18/2020,3651700,3.769999981,GME,NYSE
3/19/2020,5039500,4.190000057,GME,NYSE
3/20/2020,7722200,3.75999999,GME,NYSE
3/23/2020,6009800,3.809999943,GME,NYSE
3/24/2020,6805600,4.159999847,GME,NYSE
3/25/2020,3592100,4.170000076,GME,NYSE
3/26/2020,6185700,4.409999847,GME,NYSE
3/27/2020,7024800,4.21999979,GME,NYSE
3/30/2020,3350600,3.650000095,GME,NYSE
3/31/2020,2300900,3.5,GME,NYSE
4/1/2020,4568700,3.25,GME,NYSE
4/2/2020,4064300,2.849999905,GME,NYSE
4/3/2020,3830400,2.799999952,GME,NYSE
4/6/2020,3340500,3.089999914,GME,NYSE
4/7/2020,2836900,3.269999981,GME,NYSE
4/8/2020,2884500,3.410000086,GME,NYSE
4/9/2020,5908600,3.890000105,GME,NYSE
4/13/2020,6844500,4.739999771,GME,NYSE
4/14/2020,13506600,5.949999809,GME,NYSE
4/15/2020,7499900,5.269999981,GME,NYSE
4/16/2020,3371900,5.03000021,GME,NYSE
4/17/2020,5653200,4.880000114,GME,NYSE
4/20/2020,6085000,5.610000134,GME,NYSE
4/21/2020,4142100,4.78000021,GME,NYSE
4/22/2020,2677800,4.889999866,GME,NYSE
4/23/2020,2265900,4.699999809,GME,NYSE
4/24/2020,2236200,4.769999981,GME,NYSE
4/27/2020,7275100,5.820000172,GME,NYSE
4/28/2020,5200200,5.639999866,GME,NYSE
4/29/2020,3369600,6.039999962,GME,NYSE
4/30/2020,2173300,5.730000019,GME,NYSE
5/1/2020,4005600,6.050000191,GME,NYSE
5/4/2020,4068100,5.480000019,GME,NYSE
5/5/2020,2105900,5.389999866,GME,NYSE
5/6/2020,3369600,4.929999828,GME,NYSE
5/7/2020,2500800,4.869999886,GME,NYSE
5/8/2020,2353700,4.980000019,GME,NYSE
5/11/2020,1699200,4.760000229,GME,NYSE
5/12/2020,2639200,4.539999962,GME,NYSE
5/13/2020,2882900,4.210000038,GME,NYSE
5/14/2020,2004900,4.130000114,GME,NYSE
5/15/2020,1940600,4.21999979,GME,NYSE
5/18/2020,2371700,4.579999924,GME,NYSE
5/19/2020,1840700,4.440000057,GME,NYSE
5/20/2020,2543600,4.429999828,GME,NYSE
5/21/2020,1971900,4.440000057,GME,NYSE
5/22/2020,2379900,4.179999828,GME,NYSE
5/26/2020,3545700,4.420000076,GME,NYSE
5/27/2020,3146600,4.690000057,GME,NYSE
5/28/2020,2183900,4.329999924,GME,NYSE
5/29/2020,3973500,4.059999943,GME,NYSE
6/1/2020,2611600,4.130000114,GME,NYSE
6/2/2020,2369400,4.179999828,GME,NYSE
6/3/2020,3037400,4.440000057,GME,NYSE
6/4/2020,3514300,4.46999979,GME,NYSE
6/5/2020,6274400,4.139999866,GME,NYSE
6/8/2020,10133700,5.010000229,GME,NYSE
6/9/2020,8073400,4.960000038,GME,NYSE
6/10/2020,10606400,5.070000172,GME,NYSE
6/11/2020,6236000,4.369999886,GME,NYSE
6/12/2020,4378200,4.71999979,GME,NYSE
6/15/2020,3909000,4.690000057,GME,NYSE
6/16/2020,3121300,4.639999866,GME,NYSE
6/17/2020,3593500,4.760000229,GME,NYSE
6/18/2020,3423800,4.949999809,GME,NYSE
6/19/2020,7366600,4.880000114,GME,NYSE
6/22/2020,3178900,4.869999886,GME,NYSE
6/23/2020,3205400,4.829999924,GME,NYSE
6/24/2020,2976200,4.409999847,GME,NYSE
6/25/2020,2450800,4.460000038,GME,NYSE
6/26/2020,3801200,4.349999905,GME,NYSE
6/29/2020,2131200,4.380000114,GME,NYSE
6/30/2020,3889000,4.340000153,GME,NYSE
7/1/2020,2303700,4.440000057,GME,NYSE
7/2/2020,1887600,4.289999962,GME,NYSE
7/6/2020,2140900,4.239999771,GME,NYSE
7/7/2020,2456600,4.090000153,GME,NYSE
7/8/2020,2052800,4.260000229,GME,NYSE
7/9/2020,1992600,4.210000038,GME,NYSE
7/10/2020,1410800,4.340000153,GME,NYSE
7/13/2020,4216200,4.260000229,GME,NYSE
7/14/2020,2261600,4.079999924,GME,NYSE
7/15/2020,1474100,4.190000057,GME,NYSE
7/16/2020,1330100,4.170000076,GME,NYSE
7/17/2020,3065900,3.960000038,GME,NYSE
7/20/2020,3401100,3.849999905,GME,NYSE
7/21/2020,3341000,4.010000229,GME,NYSE
7/22/2020,2523500,4.110000134,GME,NYSE
7/23/2020,3237200,4.110000134,GME,NYSE
7/24/2020,2215900,4.03000021,GME,NYSE
7/27/2020,2472700,4.010000229,GME,NYSE
7/28/2020,4555400,3.940000057,GME,NYSE
7/29/2020,2879600,4.059999943,GME,NYSE
7/30/2020,2398500,4.099999905,GME,NYSE
7/31/2020,1879400,4.010000229,GME,NYSE
8/3/2020,2517600,4.150000095,GME,NYSE
8/4/2020,10361400,4.429999828,GME,NYSE
8/5/2020,4925700,4.630000114,GME,NYSE
8/6/2020,1901200,4.429999828,GME,NYSE
8/7/2020,3341100,4.159999847,GME,NYSE
8/10/2020,4561800,4.329999924,GME,NYSE
8/11/2020,3138800,4.349999905,GME,NYSE
8/12/2020,3057600,4.519999981,GME,NYSE
8/13/2020,2128300,4.639999866,GME,NYSE
8/14/2020,3474400,4.75,GME,NYSE
8/17/2020,2371000,4.630000114,GME,NYSE
8/18/2020,3834400,4.809999943,GME,NYSE
8/19/2020,2612600,4.71999979,GME,NYSE
8/20/2020,2441200,4.610000134,GME,NYSE
8/21/2020,10642600,5.03000021,GME,NYSE
8/24/2020,4585400,4.869999886,GME,NYSE
8/25/2020,2998700,4.980000019,GME,NYSE
8/26/2020,2779700,5.110000134,GME,NYSE
8/27/2020,3384400,5.25,GME,NYSE
8/28/2020,4236900,5.389999866,GME,NYSE
8/31/2020,37976000,6.679999828,GME,NYSE
9/1/2020,23211000,7.650000095,GME,NYSE
9/2/2020,13011100,7.710000038,GME,NYSE
9/3/2020,14344500,7.820000172,GME,NYSE
9/4/2020,7662000,7.650000095,GME,NYSE
9/8/2020,9816600,7.699999809,GME,NYSE
9/9/2020,9068100,7.349999905,GME,NYSE
9/10/2020,15558300,6.230000019,GME,NYSE
9/11/2020,6061200,6.090000153,GME,NYSE
9/14/2020,10119000,6.909999847,GME,NYSE
9/15/2020,5743500,7.090000153,GME,NYSE
9/16/2020,19256300,8.680000305,GME,NYSE
9/17/2020,17026700,9.199999809,GME,NYSE
9/18/2020,17407500,9.470000267,GME,NYSE
9/21/2020,7639800,8.75,GME,NYSE
9/22/2020,34752500,10.56000042,GME,NYSE
9/23/2020,10651200,10.03999996,GME,NYSE
9/24/2020,7938800,9.140000343,GME,NYSE
9/25/2020,7515200,10.02000046,GME,NYSE
9/28/2020,6764300,10.09000015,GME,NYSE
9/29/2020,5237600,10.35000038,GME,NYSE
9/30/2020,6079000,10.19999981,GME,NYSE
10/1/2020,4554100,9.770000458,GME,NYSE
10/2/2020,4340500,9.390000343,GME,NYSE
10/5/2020,2805000,9.460000038,GME,NYSE
10/6/2020,4535400,9.130000114,GME,NYSE
10/7/2020,3308600,9.359999657,GME,NYSE
10/8/2020,76453600,13.48999977,GME,NYSE
10/9/2020,77152800,12.02000046,GME,NYSE
10/12/2020,23655700,11.80000019,GME,NYSE
10/13/2020,10179700,11.88000011,GME,NYSE
10/14/2020,10776800,12.25,GME,NYSE
10/15/2020,39894800,13.82999992,GME,NYSE
10/16/2020,11651600,13.31000042,GME,NYSE
10/19/2020,13169100,13.90999985,GME,NYSE
10/20/2020,6604000,13.85999966,GME,NYSE
10/21/2020,5361900,14.10000038,GME,NYSE
10/22/2020,16212200,14.90999985,GME,NYSE
10/23/2020,6507300,15,GME,NYSE
10/26/2020,13376300,13.44999981,GME,NYSE
10/27/2020,7231000,12.68999958,GME,NYSE
10/28/2020,6388600,11.81999969,GME,NYSE
10/29/2020,4165800,11.72999954,GME,NYSE
10/30/2020,11546900,10.47000027,GME,NYSE
11/2/2020,5227000,10.75,GME,NYSE
11/3/2020,7454500,11.56999969,GME,NYSE
11/4/2020,5807900,10.90999985,GME,NYSE
11/5/2020,4705200,11.44999981,GME,NYSE
11/6/2020,5518200,11.85999966,GME,NYSE
11/9/2020,6244900,11.48999977,GME,NYSE
11/10/2020,3826000,11.10000038,GME,NYSE
11/11/2020,4882600,11.75,GME,NYSE
11/12/2020,4353300,11.13000011,GME,NYSE
11/13/2020,3535900,11.01000023,GME,NYSE
11/16/2020,9774800,12.06000042,GME,NYSE
11/17/2020,6678200,11.63000011,GME,NYSE
11/18/2020,3169200,11.56999969,GME,NYSE
11/19/2020,11787600,12.46000004,GME,NYSE
11/20/2020,8395400,12.71000004,GME,NYSE
11/23/2020,9599100,13.89999962,GME,NYSE
11/24/2020,7183200,13.67000008,GME,NYSE
11/25/2020,8860100,14.75,GME,NYSE
11/27/2020,12504200,16.07999992,GME,NYSE
11/30/2020,31983500,16.55999947,GME,NYSE
12/1/2020,12666000,15.80000019,GME,NYSE
12/2/2020,7883400,16.57999992,GME,NYSE
12/3/2020,6295000,16.12000084,GME,NYSE
12/4/2020,8972700,16.89999962,GME,NYSE
12/7/2020,7386300,16.35000038,GME,NYSE
12/8/2020,16120200,16.94000053,GME,NYSE
12/9/2020,24357900,13.65999985,GME,NYSE
12/10/2020,7558900,14.11999989,GME,NYSE
12/11/2020,7496900,13.31000042,GME,NYSE
12/14/2020,10007100,12.72000027,GME,NYSE
12/15/2020,8192900,13.85000038,GME,NYSE
12/16/2020,5865100,13.85000038,GME,NYSE
12/17/2020,8194900,14.82999992,GME,NYSE
12/18/2020,16618800,15.63000011,GME,NYSE
12/21/2020,9876100,15.52999973,GME,NYSE
12/22/2020,30652700,19.45999908,GME,NYSE
12/23/2020,25830300,20.56999969,GME,NYSE
12/24/2020,6262200,20.14999962,GME,NYSE
12/28/2020,8965900,20.98999977,GME,NYSE
12/29/2020,9241400,19.37999916,GME,NYSE
12/30/2020,5934400,19.26000023,GME,NYSE
12/31/2020,6922700,18.84000015,GME,NYSE
1/4/2021,10022500,17.25,GME,NYSE
1/5/2021,4961500,17.37000084,GME,NYSE
1/6/2021,6056200,18.36000061,GME,NYSE
1/7/2021,6129300,18.07999992,GME,NYSE
1/8/2021,6482000,17.69000053,GME,NYSE
1/11/2021,14927600,19.94000053,GME,NYSE
1/12/2021,7060700,19.95000076,GME,NYSE
1/13/2021,144501700,31.39999962,GME,NYSE
1/14/2021,93717400,39.90999985,GME,NYSE
1/15/2021,46866400,35.5,GME,NYSE
1/19/2021,74721900,39.36000061,GME,NYSE
1/20/2021,33471800,39.11999893,GME,NYSE
1/21/2021,57079800,43.02999878,GME,NYSE
1/22/2021,197157900,65.01000214,GME,NYSE
1/25/2021,177874000,76.79000092,GME,NYSE
1/26/2021,178588000,147.9799957,GME,NYSE
1/27/2021,93396700,347.5100098,GME,NYSE
1/28/2021,58815800,193.6000061,GME,NYSE
1/29/2021,50259200,325,GME,NYSE
2/1/2021,37382200,225,GME,NYSE
2/2/2021,78183100,90,GME,NYSE
2/3/2021,42698500,92.41000366,GME,NYSE
2/4/2021,62427300,53.5,GME,NYSE
2/5/2021,80886300,63.77000046,GME,NYSE
2/8/2021,25687300,60,GME,NYSE
2/9/2021,26843100,50.31000137,GME,NYSE
2/10/2021,36455000,51.20000076,GME,NYSE
2/11/2021,12997400,51.09999847,GME,NYSE
2/12/2021,14498000,52.40000153,GME,NYSE
2/16/2021,8175000,49.50999832,GME,NYSE
2/17/2021,9186800,45.93999863,GME,NYSE
2/18/2021,23990600,40.68999863,GME,NYSE
2/19/2021,14828200,40.59000015,GME,NYSE
2/22/2021,19476000,46,GME,NYSE
2/23/2021,7565200,44.97000122,GME,NYSE
2/24/2021,83111700,91.70999908,GME,NYSE
2/25/2021,150308800,108.7300034,GME,NYSE
2/26/2021,91963000,101.7399979,GME,NYSE
3/1/2021,49597300,120.4000015,GME,NYSE
3/2/2021,33640400,118.1800003,GME,NYSE
3/3/2021,19173700,124.1800003,GME,NYSE
3/4/2021,32473600,132.3500061,GME,NYSE
3/5/2021,30660200,137.7400055,GME,NYSE
3/8/2021,63424800,194.5,GME,NYSE
3/9/2021,38725800,246.8999939,GME,NYSE
3/10/2021,71361900,265,GME,NYSE
3/11/2021,28186000,260,GME,NYSE
3/12/2021,25760700,264.5,GME,NYSE
3/15/2021,24100400,220.1399994,GME,NYSE
3/16/2021,35241900,208.1699982,GME,NYSE
3/17/2021,16259300,209.8099976,GME,NYSE
3/18/2021,11764900,201.75,GME,NYSE
3/19/2021,24552100,200.2700043,GME,NYSE
3/22/2021,10061500,194.4900055,GME,NYSE
3/23/2021,14429100,181.75,GME,NYSE
3/24/2021,23863200,120.3399963,GME,NYSE
3/25/2021,35034842,169.6947021,GME,NYSE
